0,1,1
0,7,1
0,9,1
0,16,1
0,21,-1
0,23,1
0,24,1
0,25,1
0,26,1
0,27,1
0,30,1
0,31,1
0,33,1
0,35,1
0,36,1
0,39,1
0,40,1
0,46,1
0,48,1
0,52,1
0,53,1
0,55,1
0,58,1
0,60,1
0,61,1
0,63,1
0,64,1
0,66,1
0,67,1
0,73,1
0,75,1
0,78,1
0,82,1
0,83,-1
0,85,1
0,86,1
0,88,1
0,89,1
0,96,1
0,97,1
0,103,-1
0,113,-1
0,115,1
0,141,1
0,150,1
0,175,-1
0,178,-1
0,186,-1
0,202,-1
0,207,1
0,208,1
0,215,-1
0,216,-1
0,232,-1
0,238,-1
0,245,-1
0,255,-1
0,260,-1
0,290,-1
1,2,1
1,7,1
1,10,1
1,12,-1
1,15,1
1,18,1
1,22,1
1,23,1
1,29,1
1,30,1
1,32,-1
1,35,1
1,36,1
1,37,1
1,40,1
1,45,1
1,47,1
1,48,1
1,51,1
1,54,1
1,60,1
1,66,1
1,67,1
1,69,1
1,72,1
1,73,1
1,74,1
1,75,1
1,76,1
1,77,1
1,79,-1
1,80,1
1,81,1
1,82,1
1,83,1
1,89,1
1,94,-1
1,97,1
1,107,-1
1,122,1
1,123,-1
1,129,-1
1,133,-1
1,146,-1
1,148,1
1,166,-1
1,184,-1
1,189,1
1,203,-1
1,225,-1
1,233,1
1,266,-1
1,274,1
1,277,1
1,281,-1
2,5,1
2,7,1
2,8,1
2,9,1
2,10,1
2,12,1
2,14,1
2,18,1
2,27,1
2,28,1
2,29,1
2,32,1
2,34,1
2,39,-1
2,41,1
2,42,1
2,44,1
2,46,1
2,47,1
2,61,1
2,64,1
2,74,1
2,78,1
2,79,1
2,80,1
2,83,1
2,84,1
2,86,1
2,87,1
2,88,1
2,90,1
2,91,1
2,92,1
2,93,1
2,96,1
2,109,1
2,127,-1
2,171,-1
2,173,-1
2,176,-1
2,192,1
2,219,-1
2,227,-1
2,244,-1
2,256,-1
2,273,1
2,295,-1
3,6,1
3,11,1
3,12,1
3,15,1
3,17,-1
3,23,1
3,25,1
3,27,1
3,30,1
3,33,1
3,34,1
3,38,-1
3,39,1
3,44,1
3,47,1
3,49,1
3,52,1
3,55,1
3,56,1
3,59,1
3,60,1
3,64,1
3,69,1
3,72,-1
3,73,-1
3,76,1
3,77,1
3,78,1
3,81,1
3,82,1
3,83,1
3,91,1
3,92,1
3,94,1
3,95,1
3,96,1
3,97,1
3,102,-1
3,130,1
3,203,-1
3,229,1
4,10,1
4,16,1
4,19,1
4,20,1
4,24,-1
4,27,1
4,28,1
4,33,1
4,35,1
4,37,-1
4,42,1
4,45,-1
4,46,1
4,50,1
4,53,1
4,54,1
4,57,1
4,58,1
4,60,1
4,64,1
4,66,1
4,69,1
4,70,-1
4,72,-1
4,73,1
4,74,-1
4,75,-1
4,76,1
4,77,1
4,81,1
4,82,1
4,85,1
4,92,1
4,93,1
4,96,1
4,105,-1
4,112,-1
4,127,-1
4,188,-1
4,189,-1
4,200,-1
4,205,-1
4,213,1
4,227,1
4,239,1
4,242,-1
4,247,1
4,248,1
4,253,1
4,286,-1
4,287,1
5,6,1
5,12,1
5,13,-1
5,16,1
5,17,1
5,19,1
5,23,1
5,27,1
5,28,1
5,30,1
5,31,1
5,32,1
5,33,-1
5,39,1
5,40,1
5,45,1
5,51,1
5,54,1
5,59,1
5,63,1
5,66,1
5,74,1
5,80,1
5,82,1
5,83,1
5,86,1
5,88,1
5,90,1
5,91,1
5,93,1
5,95,1
5,98,1
5,99,1
5,108,-1
5,149,-1
5,163,1
5,171,-1
5,178,1
5,186,1
5,200,-1
5,204,1
5,217,-1
5,228,-1
5,243,1
5,264,1
5,274,-1
5,277,1
5,283,-1
5,285,-1
5,287,-1
5,295,-1
6,13,1
6,14,1
6,15,1
6,20,1
6,21,1
6,24,1
6,25,1
6,29,-1
6,34,1
6,38,1
6,40,-1
6,44,1
6,45,1
6,46,1
6,47,1
6,50,1
6,52,1
6,53,1
6,54,1
6,55,1
6,58,1
6,65,1
6,67,1
6,71,1
6,73,-1
6,77,1
6,78,1
6,80,1
6,81,1
6,84,1
6,85,1
6,86,1
6,88,1
6,90,1
6,91,1
6,92,1
6,93,1
6,95,1
6,98,-1
6,104,1
6,115,-1
6,123,-1
6,127,-1
6,140,-1
6,152,-1
6,161,1
6,165,1
6,167,-1
6,174,1
6,176,-1
6,187,-1
6,201,-1
6,213,-1
6,224,-1
6,238,-1
6,248,1
6,260,-1
6,262,1
6,269,-1
6,297,-1
7,8,1
7,11,-1
7,16,1
7,19,1
7,21,1
7,22,1
7,24,1
7,26,-1
7,29,1
7,36,1
7,37,1
7,39,1
7,42,1
7,43,1
7,44,1
7,45,1
7,51,1
7,52,1
7,55,1
7,56,1
7,59,1
7,60,1
7,61,-1
7,65,1
7,67,-1
7,68,1
7,73,1
7,75,1
7,79,1
7,82,1
7,85,1
7,87,1
7,89,1
7,91,1
7,95,1
7,96,1
7,98,1
7,105,1
7,128,1
7,130,-1
7,147,-1
7,151,-1
7,152,-1
7,169,1
7,184,-1
7,204,-1
7,209,-1
7,210,1
7,221,-1
7,223,-1
7,256,-1
7,257,-1
7,290,-1
8,9,1
8,10,1
8,11,1
8,12,1
8,15,1
8,19,1
8,21,1
8,24,1
8,29,1
8,33,1
8,36,1
8,37,1
8,39,1
8,44,1
8,46,1
8,54,-1
8,55,-1
8,56,1
8,59,1
8,65,1
8,69,1
8,74,1
8,76,1
8,80,1
8,82,1
8,83,1
8,84,1
8,89,1
8,93,1
8,95,1
8,97,1
8,104,-1
8,136,-1
8,168,-1
8,173,-1
8,200,-1
8,210,-1
8,216,-1
8,226,1
8,232,1
8,239,-1
8,251,-1
8,259,1
8,268,-1
8,269,-1
8,271,-1
8,299,1
9,14,1
9,18,1
9,20,1
9,22,1
9,26,1
9,29,1
9,30,-1
9,31,1
9,36,1
9,37,1
9,40,1
9,42,1
9,43,1
9,44,1
9,47,1
9,48,1
9,49,-1
9,50,-1
9,53,1
9,59,1
9,60,1
9,62,1
9,65,1
9,66,1
9,67,1
9,68,1
9,70,1
9,79,1
9,81,1
9,83,1
9,84,-1
9,86,1
9,87,1
9,88,1
9,90,1
9,97,1
9,111,-1
9,148,1
9,177,-1
9,185,-1
9,208,1
9,212,-1
9,213,1
9,214,-1
9,215,1
9,218,-1
9,221,-1
9,252,-1
9,260,1
9,261,-1
9,277,-1
10,12,1
10,13,1
10,19,1
10,22,1
10,25,1
10,29,1
10,30,1
10,32,1
10,35,1
10,40,-1
10,44,1
10,49,1
10,50,1
10,58,1
10,59,1
10,60,1
10,61,1
10,62,-1
10,63,1
10,64,1
10,66,1
10,67,1
10,72,1
10,73,1
10,76,1
10,78,1
10,79,1
10,83,1
10,84,1
10,90,1
10,96,1
10,97,1
10,98,1
10,101,-1
10,143,-1
10,151,-1
10,156,-1
10,181,-1
10,182,1
10,183,-1
10,193,-1
10,204,-1
10,212,1
10,216,-1
10,221,-1
10,222,-1
10,243,1
10,252,-1
10,264,1
10,271,-1
10,288,-1
10,290,-1
10,293,-1
10,297,-1
11,13,1
11,14,1
11,15,1
11,17,1
11,22,1
11,23,1
11,24,1
11,26,1
11,27,1
11,29,1
11,31,1
11,32,-1
11,34,1
11,35,1
11,36,1
11,37,1
11,40,-1
11,43,1
11,44,-1
11,50,1
11,55,1
11,56,1
11,57,1
11,58,1
11,61,1
11,65,1
11,73,1
11,77,1
11,78,1
11,81,1
11,86,1
11,90,1
11,91,-1
11,92,1
11,94,1
11,96,1
11,98,1
11,99,1
11,119,1
11,123,-1
11,130,-1
11,132,-1
11,142,-1
11,143,1
11,167,-1
11,169,-1
11,207,-1
11,228,-1
11,235,-1
11,238,-1
11,260,-1
11,286,-1
11,293,1
12,14,1
12,15,1
12,17,1
12,18,1
12,19,1
12,20,-1
12,21,1
12,23,-1
12,24,1
12,25,1
12,26,1
12,30,1
12,33,1
12,35,1
12,38,1
12,41,1
12,45,1
12,46,1
12,52,1
12,56,1
12,57,1
12,61,1
12,63,1
12,67,1
12,69,-1
12,70,-1
12,71,1
12,73,1
12,74,1
12,78,1
12,80,1
12,82,1
12,88,1
12,90,1
12,92,-1
12,93,1
12,96,1
12,97,1
12,99,1
12,112,-1
12,153,-1
12,203,-1
12,223,1
12,244,-1
12,252,-1
12,258,-1
12,271,-1
13,16,1
13,17,1
13,21,1
13,23,1
13,26,1
13,28,1
13,30,1
13,32,1
13,37,1
13,38,1
13,40,1
13,42,1
13,44,1
13,45,1
13,50,1
13,55,1
13,59,1
13,64,1
13,67,1
13,69,1
13,70,1
13,71,1
13,73,1
13,77,1
13,79,1
13,80,1
13,82,1
13,83,1
13,84,1
13,88,1
13,89,1
13,92,1
13,98,1
13,100,-1
13,114,-1
13,115,-1
13,121,-1
13,126,-1
13,140,-1
13,144,1
13,167,1
13,169,-1
13,174,1
13,195,-1
13,198,1
13,206,-1
13,211,-1
13,238,-1
14,18,1
14,20,1
14,22,1
14,23,1
14,24,-1
14,25,1
14,26,1
14,28,1
14,29,1
14,30,1
14,31,1
14,32,1
14,34,1
14,39,1
14,40,1
14,43,1
14,48,1
14,49,1
14,53,1
14,56,1
14,57,1
14,59,1
14,62,1
14,68,1
14,72,1
14,73,1
14,76,1
14,77,1
14,83,1
14,84,1
14,85,1
14,87,1
14,90,1
14,91,1
14,98,1
14,100,1
14,113,-1
14,157,-1
14,158,1
14,201,-1
14,203,1
14,209,1
14,210,-1
14,237,-1
14,239,1
14,241,-1
14,244,-1
14,246,-1
14,265,-1
14,294,-1
14,298,-1
15,17,1
15,18,1
15,20,-1
15,21,1
15,23,1
15,25,1
15,27,1
15,29,1
15,30,1
15,32,1
15,33,1
15,42,1
15,47,1
15,49,1
15,51,1
15,52,1
15,53,1
15,56,1
15,62,1
15,64,1
15,73,1
15,75,1
15,76,1
15,80,1
15,81,1
15,82,1
15,83,1
15,84,-1
15,85,1
15,86,1
15,87,1
15,88,1
15,91,1
15,92,1
15,113,-1
15,114,1
15,129,-1
15,173,-1
15,174,-1
15,189,1
15,200,-1
15,205,1
15,241,-1
15,280,-1
16,17,1
16,19,1
16,20,1
16,22,1
16,29,1
16,30,1
16,31,1
16,34,1
16,36,1
16,39,1
16,40,-1
16,41,1
16,44,-1
16,45,1
16,49,1
16,55,1
16,60,1
16,62,1
16,65,1
16,70,1
16,72,1
16,76,1
16,77,1
16,81,1
16,84,1
16,87,1
16,95,1
16,101,-1
16,118,-1
16,121,-1
16,131,-1
16,158,-1
16,201,1
16,212,-1
16,214,-1
16,217,1
16,237,-1
16,244,-1
16,259,-1
16,267,-1
16,269,-1
16,276,-1
16,286,1
17,20,1
17,25,1
17,26,1
17,28,1
17,30,1
17,34,1
17,40,1
17,42,1
17,45,1
17,46,1
17,47,-1
17,48,1
17,49,1
17,53,1
17,54,1
17,57,1
17,59,1
17,60,1
17,63,1
17,65,1
17,68,1
17,69,1
17,70,1
17,72,1
17,73,1
17,77,-1
17,80,1
17,81,1
17,83,-1
17,86,1
17,87,1
17,90,1
17,91,1
17,94,1
17,96,1
17,98,1
17,99,1
17,131,-1
17,146,-1
17,150,-1
17,151,-1
17,179,-1
17,180,1
17,191,-1
17,195,-1
17,208,-1
17,209,-1
17,217,-1
17,267,-1
17,281,-1
18,22,1
18,23,1
18,24,1
18,26,1
18,31,1
18,32,1
18,35,1
18,37,1
18,46,1
18,49,-1
18,51,1
18,57,1
18,59,1
18,62,1
18,63,1
18,64,1
18,65,1
18,67,-1
18,68,1
18,70,1
18,73,1
18,79,1
18,84,-1
18,85,1
18,87,1
18,88,1
18,91,1
18,94,1
18,97,-1
18,101,-1
18,118,-1
18,142,1
18,157,-1
18,185,-1
18,198,-1
18,208,1
18,226,1
18,236,-1
18,253,-1
18,254,-1
18,271,-1
18,275,-1
18,284,-1
18,299,-1
19,20,1
19,21,-1
19,24,1
19,27,1
19,28,-1
19,31,-1
19,33,1
19,38,1
19,39,1
19,43,-1
19,45,1
19,48,1
19,49,1
19,51,-1
19,52,1
19,59,1
19,61,1
19,63,1
19,64,1
19,65,1
19,67,1
19,70,1
19,72,1
19,74,1
19,75,1
19,80,1
19,83,1
19,84,1
19,88,1
19,90,1
19,92,1
19,93,1
19,95,1
19,96,1
19,97,1
19,112,-1
19,120,1
19,131,1
19,142,1
19,184,-1
19,208,-1
19,213,-1
19,215,-1
19,222,1
19,237,-1
19,252,1
19,269,-1
19,280,-1
19,283,-1
19,287,1
20,23,1
20,31,1
20,33,1
20,35,1
20,39,-1
20,42,1
20,45,1
20,49,1
20,50,1
20,54,1
20,57,1
20,58,1
20,63,1
20,64,1
20,65,1
20,67,1
20,69,1
20,70,-1
20,71,1
20,75,1
20,79,1
20,80,-1
20,81,-1
20,85,1
20,90,1
20,92,1
20,93,1
20,97,1
20,98,1
20,101,-1
20,107,1
20,136,-1
20,156,-1
20,178,-1
20,203,-1
20,236,1
20,243,-1
20,263,1
20,277,1
20,287,-1
20,293,-1
20,296,-1
21,22,1
21,23,-1
21,26,1
21,29,1
21,30,1
21,31,1
21,35,-1
21,38,-1
21,40,1
21,43,1
21,44,1
21,46,1
21,48,1
21,52,1
21,54,1
21,61,1
21,63,1
21,66,1
21,67,1
21,69,1
21,71,1
21,73,1
21,81,-1
21,83,1
21,88,1
21,91,1
21,93,1
21,94,-1
21,95,1
21,96,-1
21,119,-1
21,124,1
21,145,-1
21,151,-1
21,157,-1
21,177,1
21,197,-1
21,213,1
21,269,-1
21,270,-1
21,280,1
22,23,-1
22,24,-1
22,25,1
22,27,1
22,28,1
22,29,-1
22,30,1
22,33,1
22,34,-1
22,35,1
22,38,1
22,40,1
22,41,1
22,43,1
22,45,1
22,48,1
22,49,1
22,50,1
22,51,1
22,53,-1
22,55,1
22,59,1
22,63,1
22,64,1
22,65,1
22,69,1
22,73,1
22,81,1
22,82,1
22,90,1
22,93,1
22,94,1
22,97,1
22,98,1
22,99,1
22,111,-1
22,138,-1
22,159,1
22,160,-1
22,174,-1
22,180,-1
22,181,-1
22,183,-1
22,186,-1
22,200,-1
22,218,-1
22,221,1
22,224,-1
22,273,1
22,287,-1
22,290,-1
23,28,1
23,30,1
23,31,1
23,34,1
23,35,1
23,39,-1
23,40,1
23,44,-1
23,46,1
23,48,1
23,49,1
23,51,1
23,52,1
23,53,1
23,56,1
23,57,1
23,59,1
23,60,-1
23,68,1
23,70,1
23,72,1
23,73,1
23,75,1
23,76,1
23,78,1
23,80,-1
23,81,1
23,82,1
23,83,1
23,89,1
23,93,1
23,94,1
23,98,1
23,107,1
23,122,1
23,138,1
23,141,1
23,158,-1
23,166,1
23,180,-1
23,185,1
23,188,-1
23,200,1
23,233,1
23,253,-1
23,264,1
23,288,-1
24,27,1
24,29,1
24,31,1
24,35,1
24,36,1
24,37,1
24,40,1
24,44,1
24,47,1
24,48,1
24,49,1
24,51,1
24,52,1
24,55,1
24,56,1
24,57,1
24,59,1
24,61,1
24,63,1
24,64,-1
24,65,1
24,67,1
24,68,1
24,72,1
24,73,1
24,74,-1
24,78,1
24,79,1
24,81,1
24,83,1
24,86,1
24,89,1
24,91,1
24,92,1
24,97,1
24,98,1
24,115,1
24,122,-1
24,139,1
24,160,-1
24,186,1
24,207,-1
24,210,-1
24,240,1
24,245,-1
24,291,-1
25,30,1
25,31,1
25,38,1
25,44,1
25,45,1
25,48,1
25,49,1
25,51,1
25,54,1
25,55,1
25,58,1
25,59,1
25,64,1
25,68,1
25,69,1
25,73,1
25,75,1
25,76,1
25,77,1
25,78,1
25,79,1
25,81,1
25,83,1
25,85,1
25,90,1
25,92,1
25,93,1
25,94,1
25,95,1
25,96,1
25,97,1
25,104,-1
25,125,-1
25,130,-1
25,142,1
25,159,-1
25,160,-1
25,162,-1
25,163,-1
25,174,-1
25,190,-1
25,208,1
25,216,-1
25,241,1
25,243,-1
25,252,-1
25,271,1
25,283,-1
26,30,1
26,32,1
26,33,1
26,35,-1
26,37,1
26,38,-1
26,40,1
26,42,1
26,44,1
26,46,1
26,48,1
26,49,1
26,50,-1
26,51,1
26,52,1
26,53,1
26,54,1
26,56,1
26,60,1
26,62,1
26,64,1
26,66,1
26,68,1
26,70,1
26,74,1
26,76,-1
26,81,1
26,82,1
26,85,1
26,88,-1
26,90,-1
26,93,1
26,97,1
26,99,1
26,108,-1
26,133,-1
26,135,1
26,157,-1
26,172,-1
26,199,-1
26,204,-1
26,208,-1
26,234,-1
26,237,-1
26,258,1
26,261,-1
27,28,1
27,32,1
27,33,1
27,34,1
27,36,1
27,40,1
27,43,1
27,50,1
27,51,1
27,52,1
27,53,1
27,57,1
27,58,1
27,59,-1
27,67,1
27,68,1
27,70,1
27,71,1
27,72,1
27,73,1
27,79,1
27,82,-1
27,83,1
27,86,1
27,91,1
27,99,1
27,109,-1
27,130,-1
27,155,-1
27,164,1
27,176,-1
27,181,-1
27,182,-1
27,199,1
27,212,-1
27,215,1
27,217,-1
27,219,-1
27,249,-1
27,269,-1
27,288,-1
28,29,1
28,34,1
28,36,1
28,38,1
28,41,1
28,45,1
28,47,1
28,50,1
28,54,1
28,55,-1
28,56,1
28,59,1
28,64,1
28,65,1
28,66,1
28,67,1
28,71,1
28,74,1
28,77,1
28,78,1
28,79,1
28,86,1
28,87,1
28,89,1
28,90,1
28,91,1
28,95,1
28,99,1
28,116,-1
28,121,-1
28,128,-1
28,134,-1
28,142,-1
28,177,-1
28,188,1
28,202,-1
28,251,-1
28,259,-1
29,30,1
29,32,1
29,34,1
29,35,1
29,37,1
29,42,1
29,43,1
29,45,1
29,50,1
29,51,1
29,57,1
29,58,1
29,62,1
29,63,1
29,64,1
29,65,-1
29,67,1
29,68,1
29,69,1
29,71,1
29,79,1
29,83,1
29,85,1
29,88,1
29,89,1
29,94,1
29,97,1
29,98,1
29,113,-1
29,118,-1
29,136,1
29,138,1
29,160,-1
29,217,-1
29,237,-1
29,241,-1
29,255,-1
29,291,1
30,31,1
30,32,1
30,33,1
30,37,1
30,51,1
30,56,1
30,59,1
30,62,1
30,63,1
30,71,1
30,74,1
30,77,1
30,78,1
30,79,1
30,83,1
30,85,1
30,92,1
30,94,1
30,96,1
30,104,-1
30,108,-1
30,113,-1
30,126,1
30,130,-1
30,153,-1
30,159,-1
30,162,-1
30,172,-1
30,177,-1
30,183,-1
30,184,-1
30,196,-1
30,206,1
30,225,1
30,233,-1
30,283,-1
31,38,1
31,41,1
31,42,1
31,44,-1
31,51,1
31,53,1
31,54,1
31,55,1
31,57,1
31,60,1
31,63,1
31,66,1
31,67,1
31,69,1
31,72,1
31,76,1
31,78,1
31,79,1
31,87,1
31,92,1
31,94,1
31,95,1
31,96,1
31,98,1
31,131,-1
31,136,-1
31,142,-1
31,180,1
31,185,-1
31,186,-1
31,190,-1
31,206,1
31,226,-1
31,230,-1
31,250,-1
31,284,-1
31,286,-1
31,295,-1
31,298,1
32,34,-1
32,37,1
32,38,1
32,43,1
32,49,1
32,52,1
32,58,1
32,62,1
32,64,1
32,65,1
32,66,-1
32,70,1
32,71,1
32,72,1
32,75,1
32,77,1
32,80,1
32,90,1
32,91,1
32,92,1
32,94,1
32,95,1
32,97,1
32,99,1
32,121,-1
32,171,-1
32,188,-1
32,191,-1
32,193,-1
32,205,-1
32,215,-1
32,216,1
32,222,1
32,227,1
32,251,1
32,258,-1
32,270,-1
32,271,-1
33,39,1
33,40,1
33,42,-1
33,43,1
33,48,1
33,54,1
33,55,1
33,58,1
33,62,1
33,63,1
33,75,1
33,76,1
33,80,1
33,81,1
33,82,1
33,91,1
33,92,1
33,114,1
33,171,-1
33,184,1
33,186,1
33,248,-1
33,261,1
33,270,1
33,286,1
34,35,1
34,36,1
34,39,1
34,44,1
34,47,1
34,49,1
34,50,1
34,52,1
34,53,1
34,60,1
34,68,1
34,76,1
34,79,1
34,81,1
34,82,1
34,85,1
34,89,1
34,92,1
34,98,1
34,124,-1
34,141,-1
34,143,-1
34,148,-1
34,199,1
34,207,-1
34,225,-1
34,256,-1
34,267,1
34,288,-1
34,293,1
35,40,1
35,46,1
35,50,1
35,52,1
35,54,1
35,55,1
35,56,1
35,61,1
35,62,1
35,64,1
35,65,1
35,66,1
35,67,1
35,69,1
35,72,1
35,73,1
35,75,1
35,76,1
35,77,1
35,86,1
35,87,1
35,90,1
35,91,-1
35,92,1
35,96,1
35,97,-1
35,107,-1
35,113,1
35,120,1
35,142,-1
35,150,-1
35,152,1
35,153,-1
35,156,1
35,157,-1
35,166,-1
35,178,1
35,184,-1
35,198,-1
35,207,-1
35,217,-1
35,255,1
35,276,1
35,277,1
36,38,-1
36,39,1
36,41,1
36,44,1
36,46,1
36,47,1
36,53,1
36,55,1
36,56,1
36,58,1
36,60,1
36,64,1
36,65,1
36,68,1
36,71,1
36,80,1
36,82,1
36,83,1
36,86,1
36,87,-1
36,88,1
36,89,1
36,90,1
36,91,-1
36,92,1
36,93,1
36,94,1
36,95,1
36,98,1
36,99,1
36,109,-1
36,124,-1
36,140,-1
36,147,1
36,165,-1
36,183,-1
36,198,-1
36,207,1
36,209,1
36,252,1
36,266,-1
36,268,1
36,280,-1
36,282,1
36,290,1
37,40,1
37,44,1
37,46,-1
37,47,1
37,48,1
37,52,1
37,53,1
37,60,1
37,62,1
37,70,1
37,74,1
37,76,1
37,77,-1
37,80,1
37,82,1
37,87,1
37,89,1
37,90,1
37,92,1
37,94,1
37,96,-1
37,98,1
37,115,-1
37,118,-1
37,129,1
37,130,-1
37,131,-1
37,132,-1
37,167,-1
37,169,-1
37,174,-1
37,200,1
37,202,1
37,208,1
37,215,-1
37,229,1
37,237,-1
37,264,-1
37,267,-1
37,280,1
38,43,1
38,44,1
38,51,1
38,55,-1
38,57,1
38,59,1
38,62,1
38,63,1
38,65,-1
38,73,1
38,75,1
38,76,1
38,77,1
38,79,1
38,80,1
38,83,1
38,88,1
38,89,1
38,90,1
38,92,1
38,95,1
38,97,1
38,105,-1
38,106,-1
38,127,1
38,133,-1
38,197,-1
38,214,-1
38,234,-1
38,270,-1
38,275,-1
38,281,-1
39,43,1
39,44,1
39,45,1
39,46,1
39,49,1
39,50,1
39,52,1
39,54,1
39,55,1
39,59,1
39,60,1
39,61,1
39,67,1
39,73,1
39,76,1
39,77,1
39,81,1
39,82,1
39,84,1
39,85,1
39,87,1
39,88,-1
39,89,1
39,90,1
39,91,1
39,92,1
39,97,1
39,99,-1
39,130,1
39,185,-1
39,220,1
39,232,-1
39,236,-1
39,237,-1
39,264,-1
39,276,1
39,281,-1
39,286,-1
39,291,1
39,297,-1
40,41,1
40,42,1
40,47,1
40,48,1
40,52,1
40,55,1
40,58,1
40,59,1
40,65,1
40,66,1
40,67,1
40,68,1
40,71,1
40,74,1
40,76,1
40,80,1
40,81,1
40,83,1
40,86,1
40,87,1
40,89,1
40,90,1
40,92,1
40,95,1
40,98,1
40,99,1
40,105,-1
40,109,-1
40,113,1
40,116,-1
40,147,1
40,156,1
40,175,-1
40,188,1
40,197,-1
40,225,-1
40,242,-1
40,289,-1
40,298,-1
41,42,1
41,45,1
41,47,1
41,49,1
41,50,1
41,51,1
41,53,1
41,55,1
41,60,1
41,61,1
41,62,1
41,63,1
41,66,1
41,72,1
41,76,1
41,78,1
41,79,1
41,81,1
41,83,1
41,89,1
41,90,1
41,93,1
41,96,1
41,98,1
41,99,1
41,127,-1
41,155,-1
41,171,-1
41,181,-1
41,182,-1
41,184,-1
41,206,-1
41,209,-1
41,211,-1
41,218,-1
41,220,1
41,225,-1
41,241,-1
41,249,-1
41,257,-1
41,260,-1
41,262,-1
41,268,-1
41,281,1
42,43,1
42,47,1
42,49,1
42,51,1
42,56,-1
42,59,1
42,60,1
42,61,1
42,64,1
42,65,1
42,66,1
42,67,1
42,68,1
42,70,-1
42,71,1
42,79,1
42,84,1
42,86,1
42,90,1
42,91,1
42,92,1
42,95,1
42,98,1
42,99,1
42,111,-1
42,112,-1
42,129,1
42,141,1
42,150,1
42,178,-1
42,180,-1
42,186,1
42,198,-1
42,233,-1
42,235,-1
42,249,1
42,252,-1
42,283,-1
42,287,-1
43,45,1
43,48,-1
43,49,1
43,51,1
43,54,1
43,57,1
43,58,1
43,60,1
43,62,1
43,63,1
43,66,1
43,68,1
43,71,1
43,79,1
43,80,1
43,82,1
43,86,1
43,87,1
43,88,1
43,89,1
43,91,1
43,92,1
43,93,1
43,94,1
43,96,1
43,97,-1
43,111,1
43,123,-1
43,157,-1
43,168,1
43,171,1
43,186,1
43,196,1
43,242,-1
43,255,1
43,290,1
43,298,-1
44,46,1
44,49,1
44,50,1
44,52,-1
44,53,1
44,55,1
44,58,1
44,60,1
44,62,1
44,65,1
44,70,1
44,73,1
44,77,1
44,79,1
44,82,1
44,84,1
44,87,1
44,91,1
44,92,1
44,121,-1
44,124,1
44,125,-1
44,141,-1
44,142,-1
44,153,-1
44,179,-1
44,184,1
44,192,-1
44,209,-1
44,236,-1
44,266,-1
44,288,-1
44,298,-1
45,47,1
45,48,1
45,49,1
45,54,1
45,56,1
45,57,1
45,60,1
45,65,1
45,66,1
45,71,1
45,73,1
45,74,1
45,76,-1
45,78,1
45,82,1
45,86,1
45,87,1
45,88,1
45,93,1
45,94,1
45,95,-1
45,98,1
45,106,-1
45,124,-1
45,132,-1
45,144,-1
45,147,-1
45,171,-1
45,180,1
45,194,-1
45,197,-1
45,201,1
45,202,-1
45,215,-1
45,232,-1
45,239,-1
45,241,1
45,242,1
45,262,-1
45,289,1
46,53,1
46,57,1
46,58,1
46,62,1
46,63,1
46,66,1
46,68,1
46,69,1
46,71,1
46,74,1
46,75,1
46,80,1
46,83,1
46,84,1
46,88,1
46,90,1
46,93,1
46,95,-1
46,98,1
46,99,1
46,107,-1
46,116,-1
46,120,-1
46,125,-1
46,127,1
46,167,-1
46,170,-1
46,215,-1
46,243,-1
46,261,-1
46,281,-1
47,58,1
47,59,1
47,61,-1
47,63,1
47,65,1
47,68,1
47,73,1
47,75,1
47,77,1
47,78,1
47,82,1
47,84,1
47,90,1
47,92,1
47,94,1
47,95,1
47,96,1
47,113,-1
47,115,-1
47,125,-1
47,139,-1
47,147,-1
47,159,-1
47,161,-1
47,190,-1
47,191,-1
47,207,-1
47,220,-1
47,225,1
47,233,-1
47,271,1
47,280,1
48,49,1
48,53,1
48,54,1
48,57,1
48,58,1
48,64,1
48,65,1
48,66,1
48,68,1
48,69,1
48,70,1
48,71,1
48,77,1
48,78,1
48,79,1
48,81,1
48,83,-1
48,85,1
48,86,1
48,87,1
48,89,1
48,90,1
48,121,-1
48,158,-1
48,160,1
48,168,-1
48,194,-1
48,218,1
48,234,1
48,254,-1
48,258,1
48,273,1
48,298,1
49,50,1
49,54,1
49,57,1
49,64,1
49,68,1
49,69,1
49,70,1
49,76,1
49,78,-1
49,79,1
49,84,1
49,87,1
49,93,1
49,97,1
49,99,1
49,115,-1
49,130,-1
49,150,-1
49,171,-1
49,196,1
49,250,-1
49,259,-1
49,276,-1
49,298,-1
49,299,-1
50,53,1
50,60,1
50,61,1
50,63,1
50,65,1
50,70,1
50,75,1
50,79,1
50,83,1
50,87,1
50,88,1
50,89,1
50,91,1
50,92,1
50,93,1
50,94,1
50,95,1
50,96,1
50,131,-1
50,139,1
50,142,1
50,163,1
50,164,1
50,173,1
50,184,1
50,187,-1
50,193,1
50,194,-1
50,205,-1
50,211,-1
50,236,-1
50,237,-1
50,242,1
50,244,-1
50,245,-1
51,52,-1
51,54,1
51,57,1
51,58,1
51,59,1
51,66,1
51,69,1
51,71,1
51,72,1
51,73,1
51,77,-1
51,81,-1
51,84,1
51,86,1
51,87,-1
51,89,1
51,90,1
51,93,1
51,95,1
51,97,1
51,98,1
51,99,1
51,106,1
51,111,-1
51,129,-1
51,139,-1
51,150,-1
51,156,-1
51,164,-1
51,172,-1
51,176,-1
51,183,1
51,185,1
51,189,-1
51,226,-1
51,230,-1
51,287,1
51,296,1
51,297,-1
52,57,-1
52,61,1
52,68,1
52,69,1
52,70,1
52,79,1
52,83,1
52,84,1
52,85,1
52,87,1
52,89,1
52,91,-1
52,94,1
52,97,1
52,118,-1
52,138,-1
52,142,-1
52,157,-1
52,161,-1
52,204,-1
52,216,-1
52,225,-1
52,226,1
52,263,1
52,286,-1
52,290,-1
52,293,-1
53,57,1
53,59,1
53,61,1
53,62,1
53,66,1
53,73,1
53,75,1
53,76,1
53,79,1
53,80,-1
53,82,1
53,83,1
53,84,1
53,86,1
53,92,1
53,93,1
53,98,-1
53,99,1
53,102,-1
53,103,-1
53,111,1
53,138,-1
53,156,-1
53,158,-1
53,173,-1
53,177,-1
53,180,1
53,208,1
53,212,-1
53,217,-1
53,241,-1
53,291,-1
54,55,1
54,56,1
54,58,1
54,60,1
54,67,1
54,69,1
54,70,1
54,71,1
54,72,1
54,74,1
54,75,1
54,76,-1
54,77,1
54,78,1
54,79,1
54,83,1
54,89,1
54,90,1
54,93,1
54,94,1
54,95,1
54,98,-1
54,103,-1
54,107,1
54,110,-1
54,150,-1
54,187,1
54,210,1
54,221,-1
54,242,-1
54,261,-1
54,268,1
54,286,1
55,58,1
55,62,1
55,65,1
55,66,1
55,68,1
55,69,1
55,75,1
55,76,1
55,80,1
55,83,1
55,86,1
55,88,-1
55,89,1
55,91,1
55,92,1
55,94,1
55,99,1
55,110,-1
55,115,-1
55,121,-1
55,123,-1
55,137,-1
55,152,-1
55,156,-1
55,172,-1
55,177,-1
55,201,-1
55,202,-1
55,212,-1
55,238,-1
55,256,-1
55,269,-1
55,273,-1
55,285,-1
55,288,1
56,61,1
56,62,1
56,63,1
56,65,1
56,67,1
56,68,1
56,72,-1
56,74,-1
56,75,1
56,80,1
56,81,1
56,82,1
56,88,1
56,91,1
56,96,1
56,99,1
56,112,-1
56,145,-1
56,158,-1
56,163,-1
56,164,-1
56,170,-1
56,226,-1
56,244,-1
56,248,1
56,258,1
56,267,-1
57,60,1
57,61,1
57,66,1
57,68,1
57,69,1
57,70,-1
57,71,1
57,74,1
57,81,1
57,82,-1
57,83,1
57,85,1
57,88,1
57,91,1
57,93,-1
57,94,1
57,97,1
57,117,-1
57,127,-1
57,164,-1
57,171,-1
57,175,1
57,193,-1
57,194,-1
57,196,-1
57,217,-1
57,225,-1
57,241,-1
57,282,-1
57,285,-1
57,290,-1
58,60,1
58,61,1
58,62,1
58,63,1
58,68,1
58,69,-1
58,75,1
58,79,1
58,80,1
58,81,1
58,82,1
58,83,1
58,85,1
58,87,-1
58,91,1
58,95,-1
58,98,1
58,144,-1
58,171,1
58,252,-1
58,272,-1
58,291,-1
59,63,1
59,65,1
59,66,1
59,68,1
59,69,1
59,71,1
59,72,1
59,73,1
59,77,1
59,79,1
59,84,1
59,85,1
59,88,1
59,94,1
59,96,1
59,97,-1
59,98,1
59,135,1
59,178,-1
59,184,1
59,195,-1
59,197,-1
59,214,-1
59,238,-1
59,241,-1
59,264,-1
59,277,-1
59,292,1
60,63,1
60,64,1
60,69,1
60,71,1
60,74,-1
60,76,-1
60,77,1
60,78,1
60,80,1
60,83,1
60,85,1
60,87,1
60,88,1
60,92,1
60,93,1
60,106,-1
60,119,-1
60,139,-1
60,142,-1
60,144,1
60,181,1
60,185,-1
60,197,1
60,202,-1
60,203,-1
60,211,-1
60,241,-1
60,252,1
60,263,-1
60,266,-1
60,267,-1
60,272,-1
60,292,1
61,62,1
61,65,1
61,71,1
61,72,1
61,74,1
61,78,1
61,82,1
61,85,1
61,87,1
61,89,1
61,92,1
61,94,1
61,98,1
61,127,-1
61,153,1
61,162,1
61,177,1
61,184,-1
61,191,-1
61,220,-1
61,228,-1
61,279,-1
61,285,1
61,292,-1
62,68,-1
62,69,1
62,71,1
62,74,1
62,75,1
62,77,1
62,78,1
62,79,1
62,81,-1
62,83,1
62,85,1
62,87,1
62,91,1
62,94,1
62,95,-1
62,99,1
62,145,1
62,180,1
62,185,-1
62,189,-1
62,200,-1
62,209,1
62,221,1
62,249,-1
62,268,-1
62,283,1
62,291,1
62,293,-1
62,294,-1
63,64,-1
63,68,1
63,69,1
63,70,1
63,71,-1
63,72,1
63,73,1
63,75,1
63,76,-1
63,79,1
63,80,-1
63,85,1
63,88,1
63,91,1
63,96,1
63,97,-1
63,98,1
63,103,-1
63,122,-1
63,155,-1
63,159,-1
63,171,-1
63,176,-1
63,207,-1
63,220,1
63,228,1
63,245,-1
63,247,-1
63,248,1
63,256,-1
63,257,-1
63,275,-1
63,280,-1
63,290,1
64,67,1
64,68,1
64,70,1
64,71,-1
64,73,1
64,74,-1
64,75,1
64,82,1
64,84,1
64,86,-1
64,88,1
64,89,1
64,91,-1
64,95,1
64,97,1
64,98,1
64,99,1
64,116,-1
64,119,-1
64,163,-1
64,165,-1
64,169,1
64,178,-1
64,179,1
64,181,-1
64,200,-1
64,201,-1
64,216,1
64,221,-1
64,232,-1
64,236,-1
64,278,-1
64,280,-1
64,293,1
65,66,-1
65,68,1
65,69,1
65,71,1
65,73,-1
65,80,1
65,83,1
65,85,1
65,88,1
65,93,1
65,94,1
65,96,1
65,97,1
65,107,-1
65,110,-1
65,162,-1
65,208,-1
65,219,1
65,231,-1
65,235,-1
65,243,-1
65,247,-1
65,287,1
65,292,1
66,69,1
66,70,1
66,71,1
66,73,1
66,75,1
66,78,1
66,80,1
66,82,1
66,85,1
66,86,-1
66,87,1
66,90,1
66,93,1
66,99,1
66,129,-1
66,135,-1
66,137,-1
66,149,1
66,157,-1
66,164,1
66,184,1
66,189,-1
66,203,-1
66,228,-1
66,240,-1
66,256,-1
66,267,-1
66,292,-1
67,69,-1
67,71,-1
67,74,1
67,75,1
67,77,-1
67,78,-1
67,80,1
67,81,1
67,82,1
67,83,1
67,84,1
67,85,1
67,87,1
67,90,1
67,93,-1
67,94,1
67,95,1
67,98,1
67,102,-1
67,107,1
67,109,-1
67,122,1
67,223,-1
67,224,1
67,233,-1
67,235,-1
67,244,1
67,246,-1
67,252,1
67,255,-1
67,284,-1
67,287,1
67,290,-1
68,73,1
68,74,1
68,77,1
68,78,1
68,79,1
68,81,1
68,82,1
68,91,1
68,95,1
68,97,1
68,101,1
68,160,-1
68,165,-1
68,170,1
68,173,-1
68,174,1
68,183,-1
68,202,-1
68,259,-1
68,269,1
68,277,-1
68,279,-1
68,289,-1
68,291,-1
69,71,1
69,72,1
69,77,1
69,79,1
69,80,1
69,81,-1
69,83,1
69,84,1
69,87,1
69,88,1
69,89,1
69,112,-1
69,131,-1
69,143,-1
69,160,-1
69,166,-1
69,169,-1
69,184,-1
69,200,-1
69,214,-1
69,221,-1
69,229,1
69,232,-1
69,234,1
69,261,1
69,281,-1
69,282,1
69,287,-1
69,293,1
70,72,-1
70,81,1
70,88,1
70,89,1
70,91,1
70,92,1
70,97,1
70,99,1
70,106,-1
70,118,-1
70,127,-1
70,139,-1
70,174,1
70,179,1
70,180,1
70,195,-1
70,216,1
70,227,-1
70,235,1
70,241,1
70,258,1
70,260,-1
70,270,-1
70,290,1
71,74,1
71,76,1
71,77,1
71,81,1
71,83,1
71,84,1
71,88,1
71,89,1
71,92,1
71,109,-1
71,124,-1
71,132,-1
71,148,1
71,152,-1
71,155,1
71,165,-1
71,166,-1
71,177,-1
71,182,-1
71,211,-1
71,214,-1
71,221,1
71,259,-1
71,261,-1
71,267,-1
71,293,-1
72,75,1
72,77,1
72,79,1
72,81,1
72,86,1
72,93,1
72,94,1
72,95,1
72,99,1
72,103,-1
72,120,-1
72,122,-1
72,133,-1
72,162,-1
72,188,-1
72,224,-1
72,225,-1
72,244,-1
72,245,-1
72,265,1
72,273,1
72,283,1
72,296,1
72,298,-1
73,74,1
73,75,1
73,78,1
73,79,1
73,80,1
73,81,1
73,86,1
73,91,-1
73,92,1
73,94,1
73,95,1
73,96,1
73,104,-1
73,118,1
73,132,1
73,143,1
73,164,1
73,167,-1
73,192,1
73,209,1
73,223,1
73,229,-1
73,249,-1
73,284,-1
74,75,1
74,77,-1
74,80,-1
74,81,1
74,83,1
74,84,1
74,85,1
74,87,-1
74,92,1
74,97,1
74,99,1
74,100,1
74,109,1
74,122,-1
74,143,-1
74,174,1
74,219,1
74,222,-1
74,226,-1
74,235,1
74,260,-1
74,266,-1
74,297,1
75,79,1
75,82,1
75,83,1
75,85,1
75,87,1
75,88,1
75,89,1
75,90,1
75,96,1
75,98,1
75,100,1
75,127,-1
75,136,-1
75,203,-1
75,221,1
75,272,1
75,274,1
75,278,-1
75,298,-1
76,77,1
76,79,1
76,80,1
76,81,1
76,82,-1
76,83,1
76,84,1
76,86,1
76,88,1
76,89,1
76,90,1
76,93,1
76,98,-1
76,109,1
76,120,-1
76,145,-1
76,150,-1
76,156,-1
76,168,-1
76,199,-1
76,203,-1
76,204,-1
76,220,1
76,225,-1
76,243,-1
76,245,-1
77,79,1
77,80,1
77,84,1
77,88,1
77,90,1
77,91,1
77,98,1
77,99,1
77,104,-1
77,109,1
77,111,-1
77,115,-1
77,123,-1
77,125,-1
77,137,-1
77,170,-1
77,194,1
77,221,-1
77,229,1
77,255,-1
77,279,-1
77,284,-1
78,80,1
78,86,1
78,88,1
78,89,1
78,90,1
78,94,1
78,96,1
78,97,1
78,98,1
78,99,1
78,106,-1
78,109,-1
78,123,-1
78,139,-1
78,169,-1
78,185,1
78,189,-1
78,196,1
78,201,-1
78,213,1
78,221,-1
78,251,1
78,272,-1
78,274,-1
78,286,-1
79,81,1
79,84,1
79,85,1
79,89,-1
79,90,1
79,91,1
79,94,1
79,95,1
79,107,-1
79,124,-1
79,161,-1
79,163,-1
79,171,1
79,188,1
79,189,-1
79,210,1
79,263,-1
79,281,1
80,86,1
80,89,-1
80,92,1
80,94,1
80,97,1
80,98,1
80,116,-1
80,120,-1
80,129,1
80,132,-1
80,145,-1
80,158,-1
80,159,-1
80,177,1
80,198,1
80,210,-1
80,221,-1
80,238,1
80,250,-1
80,262,-1
80,266,-1
80,268,1
80,282,-1
80,292,-1
80,298,-1
81,82,1
81,83,1
81,84,1
81,86,1
81,87,1
81,91,1
81,93,1
81,94,1
81,98,-1
81,100,-1
81,102,-1
81,116,-1
81,121,-1
81,128,1
81,135,-1
81,136,1
81,138,-1
81,147,-1
81,180,-1
81,206,-1
81,212,-1
81,213,-1
81,233,-1
81,246,1
81,272,-1
81,286,-1
82,92,1
82,93,1
82,96,1
82,97,1
82,98,1
82,110,-1
82,126,1
82,137,-1
82,148,-1
82,151,-1
82,202,-1
82,244,-1
82,281,-1
82,289,1
83,84,1
83,89,1
83,94,1
83,95,1
83,96,1
83,103,1
83,114,-1
83,127,-1
83,128,-1
83,166,-1
83,167,-1
83,170,-1
83,191,-1
83,196,-1
83,199,-1
83,203,1
83,221,-1
83,224,-1
83,225,1
83,234,-1
83,244,-1
83,247,-1
84,86,1
84,87,1
84,94,1
84,96,1
84,101,-1
84,102,-1
84,116,1
84,123,-1
84,164,-1
84,195,1
84,207,-1
84,218,-1
84,228,1
84,258,-1
84,259,1
84,261,-1
84,274,-1
84,284,-1
84,285,1
85,87,1
85,88,1
85,92,1
85,93,1
85,95,1
85,96,1
85,98,-1
85,108,-1
85,120,1
85,122,1
85,133,-1
85,137,-1
85,144,-1
85,162,-1
85,168,-1
85,177,1
85,188,-1
85,208,-1
85,216,1
85,222,-1
85,227,-1
85,231,-1
85,237,-1
85,251,-1
85,254,-1
85,264,1
85,275,1
85,277,-1
85,290,1
85,298,-1
86,87,1
86,88,1
86,90,-1
86,92,1
86,95,1
86,97,1
86,98,1
86,101,1
86,132,-1
86,143,-1
86,149,-1
86,166,-1
86,205,1
86,226,1
86,250,-1
86,272,-1
86,281,1
86,284,-1
86,299,-1
87,89,1
87,91,-1
87,102,1
87,154,-1
87,155,1
87,176,-1
87,178,1
87,180,-1
87,232,-1
87,237,-1
87,241,-1
87,258,1
87,282,-1
87,285,-1
88,92,1
88,95,1
88,97,1
88,98,1
88,100,1
88,101,1
88,112,-1
88,116,1
88,125,-1
88,136,-1
88,142,-1
88,166,-1
88,171,-1
88,175,1
88,181,-1
88,189,-1
88,204,-1
88,232,1
88,271,-1
88,276,-1
88,289,1
88,293,1
89,92,1
89,96,1
89,98,1
89,114,-1
89,115,1
89,116,-1
89,132,1
89,151,1
89,179,-1
89,223,1
89,229,1
89,236,1
89,240,-1
89,245,-1
89,263,1
89,275,1
89,278,1
89,291,-1
89,297,-1
90,93,1
90,94,1
90,97,1
90,98,1
90,128,-1
90,129,1
90,150,1
90,182,-1
90,215,1
90,235,-1
90,237,-1
90,239,1
90,256,1
90,258,-1
90,277,-1
90,285,-1
91,93,1
91,96,1
91,97,1
91,105,-1
91,122,-1
91,150,1
91,155,-1
91,165,1
91,178,1
91,193,-1
91,194,1
91,219,-1
91,224,-1
91,250,-1
91,264,-1
91,280,1
92,93,1
92,94,1
92,95,1
92,96,1
92,97,1
92,107,1
92,111,-1
92,130,-1
92,145,-1
92,169,1
92,204,-1
92,205,-1
92,209,-1
92,217,-1
92,225,1
92,230,1
92,266,-1
92,271,-1
92,292,-1
93,97,1
93,98,-1
93,103,-1
93,106,-1
93,126,-1
93,129,-1
93,136,-1
93,156,-1
93,162,-1
93,166,-1
93,170,-1
93,171,-1
93,181,-1
93,202,-1
93,213,1
93,227,1
93,230,-1
93,237,1
93,239,1
93,243,-1
93,263,-1
93,265,-1
94,97,1
94,98,1
94,125,-1
94,139,-1
94,146,-1
94,147,-1
94,158,1
94,159,-1
94,174,-1
94,206,1
94,218,-1
94,242,-1
94,249,1
94,288,-1
94,289,-1
94,293,-1
94,295,-1
94,298,-1
95,96,-1
95,97,1
95,128,1
95,142,1
95,194,-1
95,195,-1
95,213,-1
95,289,-1
95,290,-1
95,291,-1
95,295,1
96,118,1
96,129,-1
96,161,-1
96,165,-1
96,171,-1
96,181,-1
96,193,-1
96,196,-1
96,197,-1
96,207,1
96,219,1
96,267,1
96,278,-1
97,157,-1
97,168,1
97,175,1
97,187,-1
97,193,-1
97,215,-1
97,219,1
97,240,1
97,274,-1
97,293,-1
98,115,1
98,126,-1
98,185,1
98,192,-1
98,205,-1
98,226,-1
98,235,-1
98,242,-1
98,244,1
98,245,-1
98,254,-1
98,266,-1
98,279,1
99,133,1
99,134,-1
99,143,1
99,151,-1
99,157,-1
99,176,-1
99,193,-1
99,196,-1
99,205,-1
99,232,-1
99,233,-1
99,242,-1
99,259,-1
99,275,-1
99,281,-1
99,287,-1
99,296,-1
100,102,1
100,104,1
100,105,-1
100,108,1
100,111,1
100,115,1
100,116,1
100,117,1
100,119,1
100,122,1
100,123,1
100,126,1
100,127,-1
100,128,1
100,129,1
100,132,-1
100,136,1
100,137,1
100,140,1
100,144,1
100,155,1
100,156,1
100,160,1
100,161,-1
100,162,1
100,164,1
100,165,-1
100,166,1
100,168,-1
100,170,1
100,171,-1
100,173,1
100,174,1
100,179,1
100,180,1
100,181,1
100,182,1
100,187,1
100,188,1
100,193,1
100,194,1
100,195,1
100,196,1
100,237,-1
100,258,1
100,260,-1
100,299,-1
101,105,1
101,106,1
101,111,1
101,112,1
101,113,1
101,120,1
101,121,-1
101,125,1
101,128,-1
101,132,1
101,134,-1
101,145,1
101,147,1
101,148,1
101,149,1
101,151,-1
101,154,1
101,156,1
101,157,1
101,160,1
101,162,1
101,163,1
101,165,1
101,167,1
101,170,1
101,172,1
101,176,1
101,182,1
101,186,1
101,189,1
101,190,1
101,191,1
101,192,1
101,193,1
101,194,1
101,195,1
101,196,1
101,197,1
101,198,1
101,218,-1
101,224,1
101,232,1
101,236,1
101,243,-1
101,263,1
101,266,-1
101,291,-1
102,105,1
102,119,1
102,121,1
102,123,1
102,124,1
102,125,1
102,134,1
102,135,1
102,136,1
102,140,1
102,142,1
102,143,-1
102,144,1
102,147,1
102,153,1
102,154,1
102,155,1
102,157,1
102,160,1
102,161,1
102,164,1
102,165,-1
102,166,1
102,167,1
102,170,-1
102,173,1
102,175,1
102,177,1
102,178,1
102,179,1
102,188,1
102,191,1
102,192,1
102,193,1
102,194,-1
102,196,-1
102,198,1
102,226,-1
102,255,-1
102,257,-1
102,263,-1
102,280,-1
102,290,-1
103,104,1
103,108,1
103,110,1
103,115,1
103,116,1
103,117,1
103,118,1
103,123,-1
103,125,1
103,126,1
103,131,1
103,132,1
103,134,1
103,136,1
103,137,1
103,138,1
103,143,1
103,145,1
103,147,-1
103,148,-1
103,149,1
103,153,1
103,154,1
103,155,-1
103,156,1
103,157,1
103,162,-1
103,165,1
103,169,1
103,170,1
103,173,1
103,175,-1
103,178,1
103,181,1
103,184,-1
103,185,-1
103,186,1
103,193,1
103,194,1
103,197,1
103,199,1
103,201,-1
103,209,-1
103,233,-1
103,237,-1
103,251,1
103,254,-1
103,266,1
103,280,-1
104,108,1
104,110,1
104,113,1
104,114,-1
104,115,1
104,122,1
104,123,1
104,125,1
104,135,1
104,137,1
104,145,1
104,146,1
104,149,1
104,151,-1
104,152,1
104,153,1
104,154,1
104,156,1
104,158,1
104,159,1
104,165,-1
104,166,-1
104,169,1
104,170,1
104,174,1
104,178,1
104,179,-1
104,186,1
104,188,1
104,190,1
104,191,1
104,192,1
104,193,-1
104,194,1
104,195,1
104,199,1
104,213,-1
104,225,-1
104,239,1
104,248,1
104,249,-1
104,256,1
104,265,1
104,276,-1
104,287,-1
104,288,-1
104,295,1
105,107,1
105,108,1
105,109,1
105,112,1
105,113,1
105,114,1
105,119,1
105,120,-1
105,122,1
105,124,1
105,127,1
105,129,1
105,130,1
105,131,1
105,133,1
105,135,1
105,140,1
105,141,1
105,143,1
105,145,1
105,147,1
105,149,1
105,150,1
105,155,1
105,156,1
105,160,1
105,167,-1
105,168,1
105,169,1
105,172,1
105,173,1
105,178,1
105,179,-1
105,181,1
105,184,1
105,186,1
105,187,1
105,189,1
105,190,-1
105,195,1
105,198,1
105,199,1
105,227,1
105,246,-1
105,257,1
105,280,1
105,286,-1
105,299,-1
106,108,1
106,112,1
106,113,-1
106,116,1
106,120,1
106,123,1
106,126,1
106,133,1
106,134,1
106,142,1
106,143,1
106,144,1
106,146,1
106,148,-1
106,149,1
106,154,1
106,155,1
106,156,1
106,157,1
106,159,1
106,160,1
106,163,1
106,164,-1
106,169,1
106,172,1
106,173,1
106,176,1
106,185,1
106,187,1
106,190,1
106,191,1
106,192,1
106,193,1
106,195,1
106,196,1
106,197,1
106,199,1
106,213,-1
106,214,1
106,237,-1
106,244,-1
106,248,1
106,260,1
107,111,1
107,116,1
107,119,-1
107,128,1
107,134,1
107,136,1
107,138,1
107,140,1
107,142,1
107,143,1
107,145,1
107,146,-1
107,149,1
107,151,1
107,152,-1
107,155,1
107,156,-1
107,160,1
107,161,1
107,164,1
107,165,1
107,171,1
107,173,1
107,175,1
107,182,1
107,184,1
107,186,-1
107,187,1
107,188,1
107,189,1
107,193,1
107,195,1
107,196,1
107,211,-1
107,246,-1
107,264,-1
107,286,1
107,294,1
108,112,1
108,116,1
108,120,1
108,121,1
108,124,1
108,129,1
108,130,-1
108,131,1
108,132,1
108,134,1
108,139,1
108,140,1
108,143,1
108,149,-1
108,151,1
108,153,1
108,155,1
108,156,1
108,157,-1
108,158,1
108,160,1
108,163,1
108,166,1
108,167,1
108,170,1
108,174,1
108,175,1
108,176,1
108,177,1
108,181,1
108,184,1
108,186,1
108,190,1
108,192,1
108,194,1
108,198,1
108,237,1
108,248,-1
108,257,-1
108,287,-1
108,291,-1
109,111,1
109,114,1
109,116,1
109,121,1
109,122,1
109,124,1
109,128,1
109,130,1
109,131,1
109,133,1
109,141,-1
109,142,1
109,143,1
109,146,1
109,147,1
109,152,1
109,153,1
109,154,1
109,157,-1
109,164,1
109,165,-1
109,166,1
109,167,1
109,172,1
109,174,1
109,177,1
109,178,1
109,179,1
109,181,1
109,185,1
109,187,1
109,188,1
109,189,1
109,191,1
109,196,-1
109,197,1
109,198,1
109,205,1
109,211,-1
109,216,-1
109,230,-1
109,231,-1
109,236,1
109,272,-1
109,277,1
109,278,-1
109,279,-1
109,293,1
110,111,1
110,114,1
110,116,1
110,119,1
110,125,1
110,126,1
110,130,1
110,137,1
110,140,-1
110,141,1
110,144,1
110,145,1
110,148,-1
110,151,1
110,153,1
110,154,1
110,160,1
110,164,1
110,167,1
110,169,1
110,172,1
110,174,1
110,176,1
110,178,1
110,179,1
110,184,-1
110,185,1
110,189,1
110,191,1
110,192,1
110,228,-1
110,248,1
110,264,-1
110,266,-1
110,267,1
111,112,1
111,113,-1
111,114,1
111,115,1
111,121,1
111,123,1
111,124,1
111,127,1
111,129,1
111,130,1
111,132,1
111,134,-1
111,139,1
111,146,1
111,148,1
111,150,1
111,151,-1
111,156,1
111,158,1
111,159,1
111,161,1
111,165,1
111,166,1
111,167,1
111,168,-1
111,169,-1
111,170,1
111,171,1
111,173,1
111,176,1
111,177,1
111,178,1
111,180,1
111,185,1
111,187,-1
111,190,1
111,195,1
111,196,1
111,197,1
111,207,-1
111,215,-1
111,223,1
111,226,1
111,238,1
111,247,-1
111,254,-1
111,287,-1
111,299,-1
112,113,1
112,114,1
112,118,1
112,124,-1
112,125,-1
112,126,-1
112,128,1
112,130,1
112,132,1
112,133,1
112,134,1
112,140,1
112,143,1
112,144,1
112,145,1
112,146,1
112,149,1
112,152,-1
112,154,1
112,157,1
112,158,1
112,171,1
112,175,1
112,177,1
112,180,1
112,182,1
112,186,1
112,189,1
112,193,1
112,194,1
112,195,-1
112,196,1
112,197,1
112,198,1
112,207,-1
112,214,-1
112,222,1
112,223,1
112,231,-1
112,285,1
112,287,-1
112,291,-1
112,294,-1
113,114,1
113,115,1
113,117,1
113,119,1
113,121,-1
113,124,-1
113,126,1
113,132,1
113,133,1
113,137,1
113,143,1
113,148,1
113,149,1
113,150,1
113,151,1
113,154,1
113,155,1
113,156,1
113,158,1
113,159,-1
113,160,1
113,164,1
113,165,1
113,166,1
113,169,1
113,173,1
113,175,1
113,177,1
113,179,1
113,181,1
113,182,1
113,184,1
113,185,1
113,189,1
113,190,1
113,195,-1
113,198,1
113,207,1
113,218,-1
113,265,1
113,266,-1
113,269,-1
113,289,-1
114,116,1
114,118,1
114,120,1
114,123,1
114,128,1
114,129,1
114,130,1
114,131,1
114,134,1
114,135,1
114,136,1
114,137,1
114,139,1
114,143,1
114,144,1
114,149,1
114,150,1
114,151,1
114,155,1
114,160,1
114,161,-1
114,162,1
114,164,1
114,167,1
114,169,1
114,170,1
114,171,1
114,173,1
114,178,1
114,179,-1
114,180,1
114,181,-1
114,182,1
114,183,1
114,184,1
114,185,1
114,186,1
114,187,1
114,188,1
114,189,-1
114,191,-1
114,193,1
114,194,1
114,195,1
114,196,1
114,212,-1
114,223,1
114,233,-1
114,239,-1
114,240,-1
114,257,-1
114,285,-1
115,116,1
115,120,1
115,121,1
115,123,1
115,125,1
115,126,-1
115,128,1
115,129,1
115,139,-1
115,141,1
115,143,1
115,145,1
115,146,1
115,149,1
115,151,1
115,153,-1
115,155,1
115,157,1
115,160,1
115,161,1
115,162,1
115,163,1
115,166,1
115,168,1
115,169,-1
115,170,1
115,172,1
115,173,1
115,174,1
115,177,1
115,180,-1
115,188,1
115,189,1
115,190,-1
115,196,1
115,198,1
115,199,1
115,203,-1
115,205,-1
115,247,1
115,248,1
115,252,-1
115,289,-1
116,117,1
116,120,-1
116,127,1
116,133,1
116,135,1
116,137,1
116,141,1
116,148,-1
116,150,1
116,151,1
116,153,-1
116,156,1
116,157,1
116,162,1
116,163,1
116,167,-1
116,168,-1
116,171,1
116,172,1
116,173,1
116,181,1
116,188,1
116,190,1
116,192,1
116,193,1
116,194,1
116,195,-1
116,198,1
116,204,-1
116,205,-1
116,206,1
116,216,1
116,249,-1
116,288,-1
116,299,-1
117,118,1
117,124,1
117,126,1
117,127,1
117,129,1
117,132,1
117,135,-1
117,137,1
117,140,1
117,143,1
117,146,1
117,147,1
117,157,1
117,160,1
117,162,1
117,163,-1
117,165,1
117,167,1
117,168,1
117,169,1
117,170,1
117,172,-1
117,173,1
117,175,1
117,176,1
117,179,1
117,184,1
117,185,1
117,186,1
117,187,1
117,193,1
117,195,1
117,197,-1
117,198,1
117,258,1
117,266,-1
117,268,1
117,279,-1
117,291,-1
118,120,1
118,122,1
118,124,1
118,129,-1
118,130,1
118,132,1
118,135,1
118,137,1
118,138,1
118,141,1
118,142,1
118,148,1
118,149,1
118,150,1
118,151,1
118,152,1
118,156,1
118,157,1
118,159,1
118,160,1
118,161,-1
118,162,-1
118,163,1
118,166,1
118,170,1
118,171,1
118,173,1
118,178,1
118,179,1
118,184,1
118,186,1
118,190,1
118,192,1
118,194,1
118,196,1
118,214,1
118,251,-1
118,256,1
118,263,-1
118,265,-1
118,284,1
118,289,-1
118,299,-1
119,120,1
119,121,-1
119,123,1
119,124,1
119,125,1
119,126,1
119,127,1
119,131,1
119,132,1
119,139,1
119,141,-1
119,144,1
119,145,1
119,150,1
119,151,1
119,154,1
119,157,1
119,161,-1
119,162,1
119,165,1
119,170,1
119,173,1
119,175,1
119,177,1
119,181,1
119,182,1
119,183,1
119,184,1
119,194,1
119,195,1
119,196,1
119,199,1
119,226,-1
119,230,1
119,278,1
120,125,1
120,126,1
120,127,1
120,130,1
120,131,1
120,136,1
120,137,-1
120,138,1
120,139,1
120,147,1
120,149,1
120,151,1
120,153,1
120,157,-1
120,165,1
120,169,1
120,170,1
120,171,1
120,174,1
120,178,1
120,179,1
120,181,-1
120,182,1
120,184,-1
120,185,1
120,188,1
120,189,1
120,192,-1
120,193,1
120,197,1
120,209,-1
120,225,-1
120,270,1
120,289,-1
121,122,1
121,123,1
121,126,1
121,127,-1
121,130,1
121,131,-1
121,133,1
121,135,1
121,136,1
121,138,1
121,139,1
121,140,1
121,147,-1
121,148,1
121,152,1
121,154,1
121,156,1
121,158,1
121,159,1
121,160,1
121,161,1
121,167,-1
121,169,1
121,171,1
121,172,1
121,173,1
121,179,1
121,182,1
121,183,1
121,184,1
121,185,1
121,187,1
121,190,1
121,191,-1
121,192,1
121,194,-1
121,196,-1
121,197,1
121,199,1
121,223,1
121,238,-1
121,240,-1
121,282,1
122,126,1
122,127,1
122,128,1
122,130,1
122,134,1
122,137,1
122,140,1
122,141,1
122,142,1
122,143,1
122,144,1
122,152,1
122,153,1
122,154,-1
122,158,1
122,159,1
122,160,1
122,163,1
122,164,1
122,167,1
122,168,1
122,170,1
122,172,1
122,174,1
122,175,1
122,177,-1
122,178,1
122,181,1
122,182,1
122,184,1
122,185,1
122,186,1
122,188,1
122,189,1
122,191,1
122,192,1
122,194,1
122,195,1
122,196,1
122,234,1
123,125,1
123,127,1
123,134,1
123,137,1
123,139,1
123,141,1
123,143,1
123,149,1
123,152,1
123,153,1
123,155,1
123,158,1
123,159,1
123,161,1
123,164,-1
123,165,1
123,167,1
123,168,1
123,172,1
123,173,1
123,175,1
123,178,1
123,183,1
123,186,1
123,187,1
123,188,1
123,189,1
123,192,-1
123,208,-1
123,213,-1
123,231,-1
123,283,-1
123,291,-1
123,299,-1
124,129,1
124,131,1
124,139,1
124,140,1
124,154,1
124,155,1
124,156,1
124,157,1
124,160,1
124,161,1
124,163,1
124,170,1
124,171,-1
124,174,1
124,177,1
124,179,-1
124,180,1
124,181,1
124,182,1
124,184,1
124,186,-1
124,187,1
124,198,1
124,211,-1
124,219,-1
124,226,-1
124,243,1
124,266,1
124,267,1
124,274,-1
125,126,1
125,131,1
125,134,1
125,135,1
125,136,-1
125,137,1
125,138,1
125,142,1
125,143,1
125,144,1
125,147,1
125,150,1
125,154,1
125,157,1
125,158,1
125,159,1
125,161,1
125,164,1
125,165,1
125,166,1
125,167,1
125,175,-1
125,176,1
125,178,1
125,180,1
125,189,1
125,191,1
125,195,1
125,196,1
125,197,1
125,198,1
125,225,-1
125,271,-1
126,128,1
126,130,1
126,135,-1
126,136,1
126,137,1
126,140,1
126,141,1
126,143,1
126,146,1
126,147,1
126,148,1
126,149,1
126,151,1
126,152,1
126,155,1
126,156,1
126,158,1
126,160,1
126,162,1
126,164,1
126,166,-1
126,170,1
126,171,1
126,173,1
126,178,1
126,180,1
126,183,1
126,186,1
126,187,1
126,191,1
126,195,-1
126,219,-1
126,220,1
126,223,-1
126,257,-1
126,264,-1
126,286,-1
126,289,1
127,128,1
127,129,-1
127,132,1
127,133,1
127,134,1
127,137,1
127,138,1
127,139,1
127,141,1
127,146,1
127,148,1
127,149,1
127,150,1
127,155,1
127,156,1
127,163,-1
127,164,1
127,167,1
127,169,1
127,171,1
127,175,1
127,178,1
127,179,1
127,184,1
127,187,1
127,189,1
127,192,-1
127,193,1
127,196,1
127,198,1
127,199,1
127,205,1
127,213,-1
127,276,-1
127,277,-1
127,281,-1
127,284,1
127,294,-1
128,129,1
128,130,1
128,136,1
128,137,1
128,138,-1
128,144,1
128,145,1
128,150,-1
128,152,-1
128,157,1
128,158,-1
128,159,1
128,160,1
128,161,-1
128,163,1
128,164,1
128,170,1
128,171,1
128,172,1
128,173,1
128,174,1
128,176,1
128,181,1
128,182,1
128,184,1
128,189,1
128,191,1
128,193,1
128,203,-1
128,204,-1
128,214,1
128,238,1
128,241,-1
128,248,-1
128,265,-1
128,285,-1
128,287,-1
128,289,1
129,131,1
129,132,1
129,137,1
129,140,1
129,144,1
129,145,1
129,146,1
129,147,1
129,149,1
129,151,1
129,152,-1
129,156,1
129,160,1
129,161,1
129,164,1
129,167,1
129,168,1
129,171,1
129,179,1
129,190,1
129,192,-1
129,195,1
129,199,1
129,202,1
129,206,-1
129,207,-1
129,222,1
129,258,1
129,262,1
129,263,-1
129,297,-1
130,131,1
130,133,1
130,137,1
130,138,1
130,139,1
130,142,1
130,145,1
130,146,1
130,150,1
130,151,1
130,157,1
130,158,1
130,159,1
130,160,1
130,163,1
130,165,1
130,166,1
130,167,1
130,168,1
130,169,1
130,171,1
130,173,-1
130,175,1
130,177,1
130,178,1
130,184,-1
130,187,1
130,188,1
130,189,1
130,191,1
130,192,1
130,194,1
130,195,1
130,196,1
130,197,1
130,198,1
130,199,-1
130,202,-1
130,207,-1
130,221,-1
130,228,1
130,246,-1
130,251,1
130,257,-1
130,267,1
130,274,-1
130,297,-1
131,134,-1
131,136,1
131,137,1
131,138,1
131,143,1
131,145,-1
131,146,1
131,149,1
131,151,1
131,152,1
131,153,1
131,155,1
131,158,1
131,159,1
131,162,1
131,163,1
131,164,1
131,167,1
131,168,1
131,169,1
131,171,1
131,179,-1
131,188,1
131,190,-1
131,192,-1
131,193,1
131,194,1
131,196,1
131,197,-1
131,198,1
131,199,1
131,224,1
131,234,-1
131,235,-1
131,249,-1
131,277,1
131,280,-1
132,134,1
132,135,-1
132,136,1
132,140,1
132,141,1
132,146,1
132,147,1
132,154,1
132,155,1
132,156,-1
132,158,1
132,161,1
132,162,1
132,163,-1
132,164,1
132,165,1
132,167,-1
132,169,1
132,173,1
132,177,1
132,181,1
132,183,1
132,185,1
132,187,1
132,192,1
132,193,1
132,196,-1
132,232,-1
132,238,1
132,255,1
132,263,-1
132,264,-1
132,267,-1
132,285,-1
133,135,1
133,136,1
133,143,1
133,145,1
133,146,1
133,148,1
133,149,1
133,151,1
133,152,1
133,153,1
133,156,1
133,158,1
133,160,1
133,161,-1
133,162,1
133,165,1
133,166,1
133,167,1
133,168,1
133,169,1
133,173,1
133,176,1
133,178,1
133,180,1
133,190,-1
133,192,1
133,195,1
133,196,1
133,208,-1
133,213,-1
133,224,-1
133,232,-1
133,235,-1
133,247,-1
133,262,1
133,269,-1
133,280,-1
134,135,1
134,138,1
134,140,-1
134,142,1
134,143,1
134,147,-1
134,148,1
134,149,1
134,150,1
134,154,1
134,155,-1
134,157,-1
134,158,1
134,159,1
134,163,1
134,165,1
134,171,-1
134,172,1
134,173,1
134,177,1
134,180,1
134,187,1
134,191,1
134,196,1
134,211,1
134,214,-1
134,216,-1
134,219,1
134,220,-1
134,235,-1
134,263,1
134,296,-1
135,138,1
135,139,-1
135,140,1
135,149,1
135,158,1
135,161,1
135,165,1
135,166,1
135,167,1
135,169,-1
135,173,1
135,175,1
135,178,1
135,185,1
135,186,1
135,189,1
135,191,1
135,194,1
135,195,1
135,197,1
135,222,-1
135,246,-1
135,275,-1
135,276,-1
135,277,-1
135,280,1
135,282,-1
136,137,1
136,139,1
136,140,1
136,145,-1
136,147,1
136,150,1
136,152,1
136,156,1
136,157,1
136,158,1
136,161,-1
136,162,1
136,163,1
136,166,1
136,172,1
136,173,1
136,174,1
136,177,1
136,178,1
136,181,1
136,183,1
136,185,1
136,189,1
136,219,-1
136,268,-1
136,275,-1
136,280,-1
136,282,-1
137,142,1
137,144,1
137,146,1
137,148,-1
137,150,1
137,155,1
137,158,-1
137,159,1
137,164,1
137,169,1
137,170,1
137,176,1
137,177,1
137,180,1
137,181,1
137,182,1
137,185,1
137,189,1
137,190,1
137,194,1
137,196,1
137,198,1
137,203,1
137,214,-1
137,235,-1
137,260,-1
137,261,-1
137,265,1
137,275,-1
137,278,-1
137,294,-1
137,296,1
138,140,1
138,141,-1
138,142,1
138,145,1
138,146,1
138,155,1
138,157,1
138,161,1
138,166,1
138,167,1
138,172,1
138,175,1
138,177,1
138,178,-1
138,180,1
138,184,1
138,185,1
138,188,1
138,189,1
138,191,1
138,193,1
138,194,-1
138,198,1
138,221,-1
138,240,-1
138,242,-1
138,253,-1
138,276,1
138,295,1
139,140,1
139,141,1
139,144,-1
139,150,1
139,151,1
139,160,1
139,166,1
139,168,1
139,172,1
139,174,1
139,177,1
139,179,1
139,180,1
139,181,1
139,183,1
139,185,1
139,187,1
139,189,1
139,191,1
139,192,1
139,194,1
139,197,1
139,218,1
139,240,-1
139,242,1
139,243,-1
139,251,1
139,252,-1
139,253,-1
139,255,1
139,261,1
139,285,-1
140,141,1
140,143,1
140,145,1
140,148,1
140,152,1
140,154,1
140,158,1
140,161,1
140,162,1
140,163,-1
140,170,1
140,173,1
140,175,1
140,176,1
140,181,1
140,185,-1
140,187,1
140,188,1
140,190,1
140,192,1
140,193,1
140,197,1
140,199,1
140,223,-1
140,256,-1
140,262,-1
141,146,1
141,147,-1
141,149,1
141,151,1
141,153,1
141,154,1
141,156,1
141,157,1
141,160,1
141,161,1
141,163,1
141,167,1
141,169,1
141,172,1
141,176,1
141,180,1
141,181,1
141,183,-1
141,185,1
141,188,1
141,189,1
141,192,1
141,193,1
141,194,1
141,196,1
141,198,1
141,199,1
141,202,1
141,263,1
141,296,-1
141,297,1
141,298,-1
142,143,1
142,144,1
142,145,1
142,155,1
142,159,1
142,162,1
142,163,-1
142,164,1
142,165,-1
142,166,1
142,167,1
142,173,1
142,175,1
142,176,1
142,182,-1
142,183,1
142,186,1
142,188,1
142,189,1
142,190,1
142,191,1
142,192,1
142,196,1
142,203,-1
142,215,-1
142,225,-1
142,240,-1
142,264,-1
142,279,1
142,294,-1
143,147,1
143,152,1
143,158,1
143,159,1
143,161,-1
143,164,1
143,166,1
143,171,1
143,174,-1
143,175,1
143,178,1
143,181,1
143,182,1
143,183,1
143,186,1
143,190,1
143,191,1
143,193,1
143,194,1
143,195,1
143,196,1
143,197,1
143,198,1
143,200,-1
143,211,-1
143,254,1
143,281,1
143,284,1
143,291,1
144,146,1
144,157,1
144,158,1
144,160,1
144,162,1
144,164,1
144,165,1
144,166,1
144,169,1
144,171,1
144,172,1
144,174,1
144,177,1
144,179,1
144,180,1
144,182,1
144,184,1
144,188,1
144,190,1
144,191,1
144,193,1
144,194,1
144,196,-1
144,197,-1
144,198,1
144,202,-1
144,224,1
144,231,-1
144,242,-1
144,258,-1
144,273,1
145,146,1
145,149,1
145,150,-1
145,151,1
145,152,-1
145,153,1
145,154,1
145,156,1
145,157,-1
145,162,1
145,163,1
145,164,1
145,166,1
145,167,1
145,171,1
145,174,1
145,175,1
145,176,1
145,177,1
145,178,1
145,182,1
145,183,1
145,185,1
145,190,1
145,191,1
145,193,1
145,194,1
145,196,1
145,197,1
145,210,-1
145,254,-1
145,255,1
145,290,-1
146,147,1
146,149,1
146,155,1
146,157,1
146,159,1
146,161,1
146,162,1
146,170,-1
146,173,1
146,176,1
146,178,1
146,180,1
146,182,1
146,189,1
146,191,1
146,192,1
146,194,1
146,217,1
146,220,-1
146,227,1
146,235,-1
146,246,-1
146,266,1
146,282,-1
147,148,1
147,155,1
147,157,1
147,161,1
147,164,1
147,171,1
147,172,1
147,173,1
147,174,-1
147,175,1
147,176,1
147,177,1
147,178,1
147,195,1
147,198,1
147,226,-1
147,251,1
147,257,-1
147,262,-1
147,264,-1
147,265,1
147,267,1
147,271,-1
147,272,-1
147,298,-1
148,149,1
148,152,-1
148,153,1
148,157,1
148,160,1
148,164,1
148,165,1
148,167,1
148,168,1
148,173,1
148,178,1
148,182,1
148,183,-1
148,185,1
148,186,1
148,189,1
148,190,1
148,191,1
148,196,1
148,197,1
148,198,1
148,199,1
148,238,1
148,245,-1
148,249,-1
148,254,1
148,294,-1
149,154,1
149,155,-1
149,156,1
149,157,-1
149,160,1
149,162,1
149,166,1
149,171,1
149,172,1
149,173,1
149,179,-1
149,182,1
149,183,1
149,185,-1
149,187,1
149,188,1
149,191,1
149,197,1
149,198,1
149,201,1
149,221,-1
149,231,-1
149,234,1
149,238,-1
149,263,-1
149,275,-1
149,285,-1
150,151,1
150,153,1
150,156,1
150,158,1
150,162,1
150,164,1
150,168,1
150,169,-1
150,173,1
150,174,-1
150,177,1
150,178,1
150,185,1
150,187,1
150,190,1
150,191,1
150,192,1
150,193,1
150,203,1
150,205,-1
150,230,-1
150,235,-1
150,260,1
150,279,-1
150,291,1
151,153,1
151,155,1
151,157,1
151,158,1
151,159,1
151,160,1
151,161,1
151,170,-1
151,178,-1
151,182,1
151,184,1
151,186,1
151,191,1
151,193,1
151,194,1
151,197,1
151,198,1
151,216,-1
151,231,1
151,237,-1
151,240,-1
151,258,-1
151,259,1
151,263,-1
151,269,-1
151,282,1
151,296,-1
152,154,1
152,155,-1
152,156,1
152,157,1
152,161,1
152,162,1
152,164,1
152,166,1
152,171,1
152,175,1
152,176,1
152,177,1
152,178,1
152,179,1
152,180,1
152,182,1
152,184,1
152,186,1
152,187,1
152,189,1
152,191,-1
152,192,1
152,202,1
152,238,-1
152,257,-1
153,156,1
153,159,1
153,162,1
153,165,1
153,166,1
153,167,1
153,173,1
153,174,1
153,178,1
153,180,1
153,183,1
153,184,1
153,186,1
153,189,1
153,193,1
153,194,1
153,195,1
153,210,1
153,248,1
153,251,1
153,278,-1
153,285,-1
154,155,-1
154,157,1
154,159,1
154,161,1
154,162,1
154,163,1
154,167,1
154,168,1
154,171,1
154,172,1
154,174,1
154,175,1
154,177,1
154,180,1
154,184,1
154,185,1
154,187,1
154,191,1
154,192,1
154,193,1
154,194,1
154,196,1
154,198,1
154,199,1
154,218,-1
154,249,-1
154,266,1
154,286,-1
155,160,1
155,162,1
155,164,-1
155,169,1
155,170,1
155,171,1
155,173,1
155,174,1
155,177,1
155,178,1
155,179,1
155,180,1
155,184,-1
155,185,1
155,187,1
155,189,1
155,190,1
155,195,1
155,198,1
155,207,-1
155,236,1
155,249,-1
155,260,1
155,268,-1
155,285,-1
156,157,1
156,162,1
156,163,1
156,164,1
156,166,1
156,172,1
156,173,1
156,174,1
156,177,-1
156,180,1
156,181,1
156,188,1
156,191,-1
156,192,1
156,193,-1
156,198,1
156,199,1
156,218,-1
156,222,-1
156,223,-1
156,227,-1
156,257,-1
156,275,-1
156,288,-1
157,161,1
157,164,1
157,167,1
157,175,1
157,177,1
157,178,1
157,179,1
157,180,1
157,181,1
157,185,1
157,198,1
157,199,1
157,212,1
157,227,-1
157,243,-1
157,249,1
157,263,1
158,159,1
158,161,-1
158,164,1
158,165,1
158,166,1
158,167,1
158,170,1
158,172,1
158,173,1
158,178,1
158,179,1
158,180,1
158,181,1
158,186,-1
158,190,-1
158,192,1
158,193,1
158,194,1
158,209,-1
158,235,-1
158,262,1
158,281,-1
158,282,1
158,297,-1
159,162,1
159,163,1
159,164,1
159,165,1
159,168,1
159,173,1
159,178,1
159,179,1
159,189,1
159,190,1
159,191,1
159,193,-1
159,194,1
159,198,1
159,199,1
159,208,-1
159,216,1
159,217,-1
159,218,-1
159,242,1
159,250,1
159,251,1
159,289,-1
160,163,1
160,165,1
160,173,1
160,174,1
160,176,1
160,178,1
160,179,1
160,181,1
160,186,1
160,187,1
160,213,-1
160,247,-1
160,252,-1
160,253,-1
160,262,-1
160,264,-1
160,265,1
160,271,-1
161,162,1
161,165,1
161,167,1
161,168,-1
161,170,1
161,171,1
161,173,1
161,176,1
161,179,1
161,180,1
161,181,1
161,183,-1
161,186,1
161,192,-1
161,193,1
161,198,1
161,225,-1
161,250,1
161,260,1
161,262,1
161,269,-1
161,273,-1
161,284,-1
161,297,-1
161,298,-1
162,165,1
162,166,1
162,171,1
162,173,1
162,175,1
162,177,-1
162,179,1
162,182,1
162,184,1
162,185,1
162,188,1
162,190,1
162,191,1
162,197,-1
162,199,1
162,200,-1
162,202,1
162,205,-1
162,206,-1
162,212,1
162,215,-1
162,217,-1
162,231,-1
162,233,1
163,164,1
163,168,1
163,173,1
163,176,1
163,182,1
163,184,1
163,186,1
163,191,1
163,192,1
163,196,1
163,198,1
163,199,-1
163,201,-1
163,209,-1
163,235,1
163,245,-1
163,246,1
163,248,-1
163,256,-1
163,258,1
163,265,1
164,165,-1
164,167,1
164,170,1
164,171,1
164,173,1
164,174,1
164,176,1
164,177,1
164,180,1
164,183,1
164,184,1
164,188,1
164,190,1
164,191,1
164,192,1
164,193,-1
164,194,1
164,199,1
164,213,-1
164,225,-1
164,231,1
164,243,-1
164,277,1
165,169,1
165,170,1
165,171,1
165,172,1
165,174,1
165,176,1
165,182,1
165,184,1
165,189,1
165,194,1
165,198,1
165,230,1
165,234,1
165,236,-1
165,251,-1
165,298,-1
165,299,-1
166,167,1
166,169,1
166,172,1
166,174,1
166,175,1
166,176,1
166,177,1
166,180,1
166,181,1
166,183,1
166,184,1
166,188,1
166,189,1
166,191,-1
166,192,1
166,196,1
166,198,1
166,204,1
166,244,1
166,257,1
166,271,1
166,281,-1
166,291,-1
167,169,1
167,170,1
167,171,-1
167,172,1
167,173,1
167,174,1
167,175,1
167,178,-1
167,179,1
167,180,1
167,183,1
167,188,1
167,190,1
167,193,1
167,199,1
167,214,-1
167,218,-1
167,222,-1
167,239,-1
167,243,1
167,267,-1
167,276,1
168,170,1
168,171,1
168,172,1
168,181,1
168,182,1
168,183,1
168,185,1
168,189,1
168,191,1
168,194,1
168,195,1
168,196,1
168,198,1
168,226,1
168,228,-1
168,229,-1
168,253,1
168,268,-1
168,277,1
168,283,-1
168,291,-1
168,294,-1
168,296,-1
168,299,1
169,171,1
169,172,1
169,176,1
169,180,1
169,182,1
169,183,1
169,185,1
169,188,1
169,192,1
169,193,1
169,194,1
169,199,1
169,207,-1
169,209,1
169,226,1
169,245,-1
169,276,-1
169,282,1
169,283,-1
169,285,-1
169,289,-1
170,171,1
170,172,1
170,178,1
170,180,1
170,182,1
170,186,1
170,189,1
170,190,1
170,193,1
170,195,1
170,198,1
170,201,-1
170,202,1
170,210,-1
170,211,-1
170,246,-1
170,265,1
170,270,-1
170,284,-1
170,289,-1
171,176,1
171,177,1
171,179,1
171,182,-1
171,183,-1
171,186,1
171,191,1
171,192,1
171,197,1
171,198,1
171,199,-1
171,202,-1
171,207,-1
171,234,1
171,258,1
171,259,1
171,266,1
171,287,1
172,180,1
172,182,-1
172,183,1
172,188,1
172,190,1
172,192,1
172,193,1
172,196,1
172,235,1
172,243,-1
172,256,-1
172,282,-1
172,292,-1
172,297,-1
173,175,1
173,184,1
173,185,1
173,187,1
173,191,1
173,193,1
173,195,1
173,196,1
173,197,1
173,198,1
173,207,-1
173,231,1
173,249,1
173,258,1
173,262,-1
173,271,1
173,295,-1
174,175,1
174,176,1
174,181,1
174,182,-1
174,183,1
174,186,1
174,188,1
174,193,1
174,194,1
174,196,1
174,209,-1
174,211,-1
174,238,1
174,266,-1
174,280,-1
175,176,1
175,178,-1
175,179,-1
175,181,1
175,183,1
175,184,1
175,185,1
175,188,1
175,189,1
175,192,1
175,195,1
175,199,1
175,208,-1
175,270,1
175,297,1
176,179,1
176,180,1
176,188,1
176,189,1
176,191,1
176,193,1
176,195,1
176,197,1
176,198,1
176,231,-1
176,255,-1
177,180,1
177,183,1
177,184,1
177,185,1
177,186,1
177,188,1
177,190,1
177,193,1
177,194,1
177,197,-1
177,198,1
177,199,-1
177,233,-1
177,239,1
177,294,1
178,179,-1
178,180,1
178,182,1
178,184,1
178,188,1
178,189,1
178,191,1
178,192,1
178,194,1
178,196,1
178,211,1
178,223,1
178,233,-1
178,246,1
178,253,-1
178,261,-1
178,280,-1
178,294,-1
179,182,1
179,183,1
179,187,1
179,190,1
179,192,1
179,193,1
179,194,1
179,197,1
179,198,1
179,199,1
179,205,1
179,207,-1
179,212,-1
179,231,1
179,236,-1
179,241,-1
179,259,-1
179,262,-1
179,282,1
179,287,-1
180,181,1
180,187,1
180,189,1
180,190,-1
180,192,1
180,195,1
180,197,1
180,198,1
180,232,-1
180,234,-1
180,235,-1
180,242,-1
180,250,-1
180,269,-1
180,273,1
180,281,1
180,297,1
181,183,1
181,184,1
181,185,1
181,187,1
181,193,1
181,195,1
181,199,1
181,208,1
181,209,1
181,221,1
181,234,-1
181,242,-1
181,258,-1
181,261,-1
181,279,-1
181,283,-1
181,287,1
181,288,-1
181,299,-1
182,184,-1
182,186,1
182,187,1
182,188,1
182,192,1
182,194,1
182,196,1
182,204,1
182,211,-1
182,222,-1
182,225,-1
182,229,-1
182,244,-1
182,255,-1
182,268,-1
182,274,1
182,282,-1
183,184,1
183,188,-1
183,190,1
183,193,1
183,195,1
183,209,1
183,223,-1
183,224,-1
183,298,1
184,190,-1
184,193,1
184,194,1
184,195,-1
184,200,1
184,233,1
184,256,-1
184,263,-1
185,188,1
185,190,1
185,191,1
185,194,-1
185,195,1
185,197,1
185,199,1
185,224,-1
185,226,-1
185,235,-1
185,248,-1
185,270,-1
185,276,-1
185,286,1
185,288,1
186,187,1
186,191,1
186,199,1
186,226,-1
186,235,-1
186,273,1
186,288,-1
187,193,1
187,194,1
187,195,1
187,199,1
187,202,-1
187,228,1
187,233,1
187,235,1
187,245,-1
187,253,-1
187,255,1
187,267,-1
187,275,-1
187,287,-1
188,189,1
188,191,1
188,196,1
188,197,1
188,199,1
188,215,1
188,222,-1
188,237,-1
188,242,-1
188,257,-1
188,260,1
189,190,1
189,191,1
189,192,-1
189,193,1
189,194,1
189,195,1
189,197,1
189,213,-1
189,218,-1
189,224,-1
189,243,-1
189,244,-1
189,265,-1
189,279,-1
189,287,1
189,289,-1
190,193,1
190,194,1
190,195,1
190,197,1
190,199,1
190,201,-1
190,202,1
190,217,-1
190,219,-1
190,231,-1
190,233,-1
190,240,-1
190,299,-1
191,192,1
191,198,1
191,215,-1
191,218,-1
191,229,1
191,238,-1
191,248,-1
191,249,-1
191,258,-1
191,260,1
191,265,-1
191,279,1
191,281,1
191,284,-1
191,295,1
191,299,-1
192,195,1
192,196,1
192,209,-1
192,218,-1
192,225,-1
192,264,1
192,282,-1
192,288,-1
192,292,-1
193,194,1
193,195,1
193,196,1
193,197,1
193,203,-1
193,204,-1
193,213,-1
193,258,-1
193,265,1
193,286,1
194,195,1
194,223,1
194,224,-1
194,226,-1
194,255,1
194,275,-1
194,293,1
195,198,1
195,208,-1
195,237,-1
195,238,1
195,245,-1
195,265,-1
195,276,-1
196,197,1
196,199,1
196,209,-1
196,211,-1
196,239,-1
196,267,-1
197,198,1
197,199,1
197,234,-1
197,239,-1
198,202,-1
198,216,-1
198,218,-1
198,246,-1
198,249,-1
198,262,1
198,268,1
198,275,-1
198,293,1
199,202,1
199,208,-1
199,211,1
199,215,1
199,230,-1
199,240,-1
199,257,-1
200,201,1
200,202,1
200,203,1
200,206,1
200,209,1
200,210,-1
200,211,1
200,221,1
200,225,1
200,235,1
200,236,1
200,237,1
200,240,1
200,246,1
200,250,1
200,252,1
200,254,1
200,257,1
200,259,1
200,265,1
200,266,1
200,269,1
200,272,-1
200,280,1
200,282,1
200,287,1
200,288,1
200,289,1
200,290,1
200,291,1
200,296,1
200,297,1
200,298,1
200,299,1
201,202,1
201,203,1
201,204,-1
201,207,1
201,209,1
201,212,1
201,215,1
201,217,-1
201,220,1
201,221,1
201,222,1
201,223,1
201,224,1
201,225,1
201,232,1
201,233,1
201,234,1
201,237,1
201,240,1
201,242,1
201,243,1
201,245,1
201,248,-1
201,256,1
201,260,1
201,261,1
201,263,1
201,264,1
201,265,1
201,266,1
201,269,-1
201,270,-1
201,275,1
201,276,1
201,277,1
201,279,-1
201,280,1
201,282,1
201,292,1
201,296,1
201,298,1
202,205,1
202,211,1
202,213,1
202,215,1
202,216,1
202,221,1
202,226,1
202,227,1
202,228,1
202,230,1
202,231,1
202,234,1
202,240,-1
202,241,1
202,247,-1
202,257,1
202,258,1
202,264,1
202,267,1
202,269,1
202,270,1
202,271,-1
202,279,1
202,280,1
202,287,1
202,290,1
202,294,1
202,296,1
202,297,1
202,299,1
203,205,1
203,206,1
203,209,1
203,211,1
203,214,-1
203,215,1
203,220,1
203,221,1
203,223,1
203,225,1
203,232,1
203,233,1
203,234,1
203,235,1
203,244,1
203,248,1
203,251,1
203,252,1
203,257,-1
203,259,1
203,264,-1
203,265,1
203,267,1
203,273,-1
203,274,1
203,275,1
203,276,1
203,277,1
203,280,1
203,282,1
203,285,1
203,286,1
203,287,1
203,292,1
203,293,1
203,294,1
203,298,1
203,299,1
204,208,1
204,213,1
204,214,1
204,215,1
204,216,1
204,220,1
204,222,1
204,224,1
204,226,1
204,228,1
204,233,1
204,240,1
204,247,1
204,248,1
204,251,1
204,254,1
204,255,1
204,257,1
204,258,1
204,259,1
204,263,1
204,264,1
204,267,-1
204,274,-1
204,276,1
204,277,1
204,278,1
204,282,1
204,286,1
204,287,1
204,289,1
204,290,1
204,292,1
204,293,1
204,298,1
205,207,1
205,208,1
205,211,1
205,213,1
205,214,1
205,215,1
205,217,1
205,219,1
205,222,1
205,225,1
205,226,-1
205,228,1
205,229,1
205,235,1
205,238,1
205,239,1
205,241,1
205,244,1
205,251,1
205,253,1
205,260,1
205,261,1
205,262,1
205,263,1
205,268,1
205,272,1
205,274,1
205,281,1
205,283,1
205,285,1
205,287,1
205,288,1
205,289,1
205,290,1
205,293,1
205,295,-1
205,297,1
205,299,1
206,207,-1
206,208,-1
206,209,1
206,212,1
206,213,1
206,215,1
206,218,1
206,219,1
206,220,1
206,221,1
206,225,1
206,226,-1
206,228,1
206,230,1
206,232,1
206,234,1
206,236,1
206,241,1
206,242,1
206,243,1
206,247,-1
206,249,1
206,251,1
206,252,1
206,253,1
206,254,1
206,255,1
206,256,1
206,257,1
206,263,1
206,265,1
206,266,1
206,271,-1
206,274,1
206,275,1
206,276,1
206,277,1
206,278,-1
206,279,1
206,280,1
206,284,1
206,286,1
206,288,1
206,292,1
206,294,-1
206,296,1
206,297,1
207,208,-1
207,210,1
207,211,1
207,216,1
207,219,1
207,226,1
207,228,1
207,229,1
207,231,1
207,232,1
207,233,1
207,237,1
207,246,1
207,249,1
207,252,1
207,256,1
207,261,1
207,262,1
207,265,1
207,266,1
207,268,1
207,272,1
207,274,1
207,276,1
207,280,1
207,281,1
207,284,1
207,286,1
207,287,1
207,290,1
207,293,1
207,294,1
207,298,1
207,299,1
208,209,1
208,211,1
208,214,-1
208,215,1
208,216,1
208,218,1
208,221,1
208,223,1
208,225,1
208,227,1
208,229,1
208,231,1
208,232,1
208,234,1
208,235,1
208,237,1
208,239,1
208,240,1
208,241,1
208,242,-1
208,243,1
208,252,-1
208,254,1
208,256,1
208,257,1
208,259,1
208,260,1
208,263,1
208,268,1
208,269,1
208,273,1
208,274,1
208,275,1
208,276,1
208,277,1
208,282,1
208,283,1
208,284,1
208,286,1
208,288,1
208,289,1
208,290,1
208,291,1
208,293,1
208,294,1
208,298,-1
209,210,1
209,212,1
209,214,1
209,220,1
209,221,1
209,222,1
209,224,1
209,230,1
209,231,-1
209,235,1
209,237,1
209,238,1
209,241,1
209,245,1
209,249,1
209,256,1
209,257,1
209,258,1
209,260,1
209,265,1
209,269,1
209,271,1
209,272,1
209,274,-1
209,280,1
209,281,1
209,283,1
209,284,1
209,285,1
209,286,1
209,290,1
209,295,1
209,299,1
210,211,1
210,215,1
210,219,1
210,220,1
210,222,1
210,225,1
210,227,1
210,238,1
210,241,1
210,246,1
210,248,-1
210,249,1
210,250,1
210,253,1
210,254,1
210,257,1
210,260,1
210,267,1
210,268,1
210,271,1
210,273,1
210,275,1
210,279,1
210,280,1
210,283,-1
210,284,1
210,285,1
210,288,1
210,289,1
210,292,1
210,295,1
210,296,1
210,298,1
211,213,1
211,214,1
211,215,1
211,217,1
211,220,1
211,221,1
211,225,1
211,227,-1
211,228,1
211,230,1
211,231,1
211,234,1
211,235,1
211,237,1
211,238,-1
211,248,1
211,259,1
211,261,1
211,262,1
211,267,1
211,269,1
211,271,1
211,273,1
211,275,1
211,279,1
211,281,1
211,286,1
211,288,1
211,291,1
211,292,1
211,294,1
211,298,1
212,214,1
212,215,1
212,218,1
212,220,-1
212,223,1
212,225,1
212,228,1
212,229,1
212,231,1
212,233,1
212,235,1
212,236,1
212,242,1
212,245,1
212,248,1
212,253,1
212,257,1
212,271,1
212,272,1
212,275,1
212,278,1
212,279,1
212,283,1
212,284,1
212,285,1
212,286,1
212,291,1
212,297,1
212,299,1
213,214,1
213,215,1
213,218,-1
213,219,1
213,223,1
213,224,1
213,225,1
213,229,1
213,231,1
213,232,1
213,235,1
213,236,1
213,237,1
213,245,-1
213,248,-1
213,255,1
213,256,1
213,258,1
213,259,1
213,261,1
213,273,-1
213,274,1
213,279,1
213,281,1
213,282,1
213,287,1
213,288,1
213,291,1
213,292,1
213,293,1
213,294,1
213,296,1
214,217,1
214,222,-1
214,225,1
214,227,1
214,228,-1
214,230,1
214,232,1
214,237,1
214,238,-1
214,240,1
214,243,1
214,244,1
214,245,1
214,247,1
214,249,1
214,251,1
214,252,1
214,254,1
214,256,1
214,258,1
214,260,1
214,263,1
214,266,1
214,268,-1
214,270,1
214,273,-1
214,275,1
214,279,1
214,280,1
214,283,1
214,286,1
214,287,1
214,293,1
214,296,1
214,299,1
215,217,1
215,218,1
215,229,1
215,232,1
215,235,1
215,239,1
215,242,-1
215,245,1
215,249,1
215,250,1
215,253,1
215,254,1
215,263,1
215,265,1
215,269,1
215,276,1
215,277,1
215,278,1
215,279,1
215,281,1
215,285,-1
215,290,1
215,292,1
215,293,1
215,295,1
215,297,1
215,298,1
215,299,1
216,217,1
216,222,-1
216,223,1
216,225,1
216,228,1
216,232,-1
216,235,1
216,236,1
216,237,1
216,239,1
216,240,1
216,241,1
216,242,1
216,244,1
216,246,1
216,247,-1
216,253,-1
216,255,1
216,260,-1
216,264,1
216,265,1
216,271,1
216,272,1
216,274,1
216,280,1
216,282,1
216,285,1
216,286,1
216,287,-1
216,289,1
216,295,-1
216,297,1
217,218,1
217,220,1
217,221,1
217,223,1
217,228,1
217,229,1
217,230,1
217,233,1
217,234,1
217,235,1
217,236,1
217,237,-1
217,242,1
217,244,1
217,246,1
217,253,1
217,254,-1
217,255,1
217,257,1
217,259,-1
217,261,1
217,262,1
217,264,1
217,265,1
217,266,1
217,269,1
217,272,1
217,273,1
217,274,1
217,275,1
217,278,1
217,280,1
217,283,1
217,286,1
217,289,1
217,291,1
217,294,1
217,296,1
217,299,-1
218,220,1
218,221,-1
218,222,1
218,226,1
218,227,1
218,228,1
218,229,1
218,232,-1
218,233,1
218,238,1
218,239,1
218,243,1
218,246,1
218,247,1
218,252,1
218,255,1
218,256,-1
218,257,1
218,259,-1
218,260,1
218,264,1
218,266,1
218,269,-1
218,272,1
218,273,-1
218,275,1
218,277,1
218,281,1
218,283,1
218,284,1
218,285,1
218,287,1
218,288,-1
218,297,1
218,298,1
218,299,-1
219,222,-1
219,228,1
219,231,1
219,232,1
219,235,1
219,238,1
219,244,1
219,247,-1
219,248,1
219,261,1
219,264,1
219,269,1
219,273,1
219,275,1
219,278,1
219,282,1
219,283,1
219,286,1
219,287,1
219,289,1
219,291,1
219,293,1
219,296,1
219,297,1
219,298,1
220,221,1
220,231,1
220,232,1
220,234,1
220,236,1
220,237,1
220,239,1
220,240,-1
220,242,1
220,246,-1
220,250,1
220,253,1
220,255,1
220,256,1
220,260,1
220,261,1
220,263,1
220,266,1
220,269,1
220,270,1
220,271,1
220,274,1
220,277,-1
220,279,1
220,280,1
220,282,1
220,287,1
220,291,-1
220,295,1
220,299,1
221,222,1
221,223,1
221,224,1
221,225,-1
221,227,1
221,233,1
221,234,1
221,240,1
221,241,1
221,246,1
221,248,1
221,249,1
221,251,1
221,252,1
221,254,1
221,255,1
221,260,1
221,261,1
221,266,1
221,267,1
221,269,1
221,271,1
221,272,1
221,273,-1
221,275,1
221,278,1
221,279,1
221,281,1
221,283,1
221,287,1
221,291,1
221,293,1
221,296,1
221,299,1
222,224,1
222,225,-1
222,231,1
222,233,1
222,234,1
222,237,-1
222,238,1
222,239,1
222,240,1
222,242,-1
222,244,1
222,245,-1
222,249,1
222,252,1
222,253,1
222,254,1
222,255,1
222,258,1
222,259,1
222,263,-1
222,267,1
222,270,1
222,271,1
222,272,1
222,274,1
222,276,1
222,279,1
222,280,1
222,282,1
222,283,1
222,284,1
222,286,1
222,287,1
222,289,1
223,225,1
223,227,1
223,228,1
223,229,1
223,231,1
223,233,1
223,235,1
223,236,1
223,237,1
223,241,1
223,248,1
223,249,1
223,250,1
223,251,1
223,257,1
223,260,1
223,261,1
223,263,1
223,264,1
223,269,1
223,270,1
223,271,1
223,272,1
223,274,1
223,275,1
223,276,1
223,277,1
223,278,1
223,279,1
223,280,1
223,281,1
223,286,1
223,288,1
223,291,-1
223,294,1
223,298,1
224,226,-1
224,227,1
224,230,1
224,231,1
224,233,1
224,238,1
224,239,1
224,240,1
224,243,1
224,248,-1
224,253,1
224,254,1
224,255,1
224,256,1
224,264,1
224,265,1
224,267,1
224,269,1
224,270,1
224,272,1
224,274,1
224,275,1
224,276,1
224,277,1
224,278,1
224,280,1
224,282,-1
224,286,1
224,289,1
224,290,1
224,297,1
224,299,1
225,227,1
225,233,-1
225,234,1
225,235,1
225,237,1
225,238,1
225,240,1
225,241,1
225,242,1
225,247,1
225,251,-1
225,253,1
225,255,1
225,259,-1
225,263,1
225,264,1
225,265,1
225,266,1
225,267,1
225,268,1
225,269,1
225,271,-1
225,276,1
225,280,1
225,283,-1
225,286,1
225,290,-1
225,291,1
225,293,1
225,294,-1
225,296,1
225,298,1
226,230,1
226,237,1
226,240,-1
226,245,1
226,246,1
226,248,1
226,250,1
226,252,1
226,254,1
226,255,1
226,259,-1
226,261,1
226,262,1
226,266,1
226,268,1
226,270,1
226,272,1
226,273,-1
226,274,1
226,278,1
226,286,1
226,290,-1
226,291,1
226,295,1
226,296,1
226,299,1
227,235,1
227,236,1
227,240,1
227,244,1
227,245,1
227,247,1
227,253,1
227,255,1
227,260,1
227,262,-1
227,264,1
227,265,1
227,266,1
227,269,1
227,270,1
227,271,1
227,273,1
227,274,1
227,275,1
227,276,1
227,278,1
227,279,1
227,282,1
227,283,-1
227,284,1
227,285,1
227,286,1
227,289,1
227,290,1
227,292,1
227,294,1
228,231,1
228,233,1
228,236,1
228,239,1
228,240,1
228,241,1
228,247,1
228,248,1
228,251,1
228,252,1
228,253,1
228,254,1
228,255,1
228,258,1
228,260,-1
228,262,-1
228,267,1
228,268,1
228,269,1
228,275,-1
228,280,1
228,282,1
228,285,1
228,287,1
228,288,1
228,290,1
228,291,1
228,294,1
228,295,1
229,232,-1
229,236,1
229,237,1
229,247,1
229,248,1
229,249,1
229,255,1
229,256,1
229,257,-1
229,259,1
229,261,1
229,263,1
229,264,1
229,269,1
229,270,1
229,271,1
229,273,1
229,276,1
229,278,1
229,279,-1
229,280,1
229,282,1
229,283,1
229,288,1
229,290,1
229,292,-1
229,294,1
229,295,1
229,296,1
229,298,1
229,299,1
230,231,1
230,232,1
230,233,1
230,238,1
230,239,1
230,241,1
230,244,1
230,248,1
230,250,1
230,254,1
230,258,1
230,260,1
230,262,1
230,264,1
230,266,1
230,267,1
230,271,1
230,274,1
230,275,1
230,276,1
230,278,1
230,279,1
230,284,1
230,289,1
230,290,1
230,291,1
230,294,1
230,295,1
230,298,1
231,237,1
231,238,1
231,243,1
231,244,1
231,245,1
231,247,1
231,251,1
231,253,1
231,254,1
231,264,1
231,265,1
231,268,1
231,272,1
231,273,1
231,275,1
231,276,1
231,278,1
231,282,1
231,284,1
231,287,1
231,290,1
231,291,1
231,292,-1
231,297,1
231,298,1
231,299,1
232,236,1
232,238,1
232,239,1
232,242,1
232,249,1
232,252,1
232,257,1
232,259,-1
232,263,1
232,264,1
232,269,1
232,270,1
232,274,-1
232,276,1
232,277,1
232,279,-1
232,280,1
232,284,1
232,289,1
232,291,1
232,292,1
232,297,1
232,298,1
233,234,1
233,235,-1
233,236,1
233,238,1
233,239,-1
233,240,1
233,242,1
233,243,1
233,244,1
233,245,1
233,247,1
233,249,1
233,250,1
233,253,-1
233,256,1
233,257,1
233,261,-1
233,264,1
233,265,1
233,269,1
233,272,1
233,274,1
233,276,1
233,277,-1
233,279,1
233,281,1
233,282,1
233,284,1
233,289,1
233,290,1
233,291,1
233,292,1
233,293,1
233,294,1
233,296,1
233,297,1
233,298,1
233,299,1
234,236,1
234,241,-1
234,252,1
234,253,1
234,255,1
234,258,1
234,261,1
234,265,1
234,266,1
234,270,1
234,272,1
234,273,-1
234,274,1
234,275,-1
234,279,1
234,281,1
234,282,1
234,284,1
234,285,-1
234,288,-1
234,292,1
234,293,1
234,295,1
234,296,-1
234,299,1
235,236,1
235,238,1
235,241,1
235,242,1
235,243,1
235,247,1
235,252,1
235,259,1
235,260,1
235,262,1
235,263,1
235,266,1
235,272,1
235,273,1
235,274,1
235,278,1
235,279,1
235,281,1
235,282,1
235,283,1
235,287,1
235,289,1
235,291,1
235,293,-1
235,296,1
236,238,1
236,239,1
236,242,1
236,243,1
236,248,1
236,251,1
236,256,1
236,263,1
236,266,1
236,268,1
236,270,1
236,271,-1
236,273,1
236,274,1
236,276,1
236,277,1
236,280,1
236,281,1
236,284,1
236,288,1
236,297,1
236,298,-1
237,240,1
237,246,1
237,247,1
237,248,1
237,251,1
237,252,1
237,253,1
237,255,-1
237,259,1
237,260,1
237,261,1
237,262,1
237,264,1
237,267,1
237,269,1
237,274,1
237,275,1
237,276,1
237,278,1
237,279,1
237,281,1
237,287,1
237,288,1
237,289,1
237,290,-1
237,291,1
237,292,1
237,293,1
237,296,1
237,297,1
238,240,1
238,241,1
238,242,1
238,243,1
238,245,1
238,248,1
238,253,1
238,255,1
238,257,1
238,259,-1
238,260,1
238,261,1
238,263,1
238,264,1
238,266,1
238,267,1
238,269,-1
238,270,-1
238,272,1
238,273,1
238,274,1
238,278,-1
238,280,1
238,281,-1
238,282,1
238,283,1
238,284,1
238,286,-1
238,289,1
238,292,1
238,293,1
238,296,1
238,297,1
239,241,1
239,243,1
239,244,1
239,247,-1
239,248,1
239,252,1
239,253,1
239,255,1
239,256,-1
239,257,1
239,260,1
239,263,1
239,267,1
239,268,1
239,272,1
239,274,-1
239,275,1
239,277,-1
239,278,1
239,280,1
239,285,1
239,287,1
239,292,1
239,293,1
239,299,1
240,243,1
240,246,-1
240,248,1
240,250,1
240,251,1
240,253,1
240,259,1
240,262,1
240,263,1
240,265,1
240,267,1
240,271,1
240,273,1
240,275,1
240,280,1
240,282,1
240,283,1
240,289,1
240,293,1
240,294,1
240,299,1
241,242,1
241,248,1
241,249,1
241,250,1
241,252,1
241,253,1
241,255,1
241,259,-1
241,261,1
241,263,1
241,267,-1
241,269,1
241,270,1
241,273,1
241,275,1
241,277,1
241,279,1
241,280,1
241,298,1
241,299,1
242,247,1
242,256,-1
242,257,1
242,260,1
242,262,1
242,263,1
242,267,1
242,269,1
242,275,1
242,276,1
242,278,1
242,279,1
242,280,1
242,282,1
242,285,1
242,289,1
242,290,1
242,291,1
242,292,1
242,296,1
243,244,1
243,245,1
243,247,-1
243,248,1
243,249,1
243,252,1
243,254,1
243,255,1
243,256,1
243,262,1
243,263,1
243,264,1
243,265,1
243,267,-1
243,268,-1
243,269,1
243,271,1
243,272,1
243,273,1
243,275,1
243,278,1
243,280,1
243,281,1
243,286,1
243,289,1
243,291,1
243,292,1
243,293,1
243,296,-1
243,299,1
244,247,1
244,248,1
244,250,1
244,252,1
244,254,1
244,257,1
244,258,1
244,264,1
244,266,1
244,273,1
244,277,1
244,278,-1
244,283,1
244,288,1
244,289,1
244,290,1
244,295,1
244,296,1
245,246,-1
245,251,1
245,252,1
245,254,1
245,255,1
245,256,1
245,257,1
245,258,1
245,260,1
245,262,1
245,263,1
245,270,1
245,278,-1
245,281,1
245,282,1
245,286,1
245,292,1
245,294,-1
245,295,-1
245,296,1
245,297,1
246,248,1
246,249,-1
246,250,1
246,253,1
246,257,1
246,258,1
246,260,1
246,263,1
246,265,1
246,269,1
246,275,1
246,279,1
246,280,1
246,284,1
246,288,1
246,291,1
246,293,1
246,294,1
246,296,1
247,248,1
247,250,1
247,252,1
247,253,1
247,254,1
247,257,1
247,260,1
247,261,1
247,262,1
247,263,1
247,264,1
247,265,1
247,270,1
247,272,1
247,275,1
247,278,1
247,279,-1
247,280,1
247,286,1
247,287,1
247,288,1
247,289,1
247,290,1
247,292,1
247,293,1
247,297,1
247,299,-1
248,249,1
248,252,-1
248,255,-1
248,256,1
248,257,1
248,258,1
248,263,1
248,264,1
248,265,1
248,268,1
248,269,1
248,273,1
248,277,1
248,280,1
248,281,1
248,282,1
248,285,1
248,288,1
248,289,1
248,292,1
248,294,1
248,295,1
248,297,1
248,298,1
249,250,1
249,253,1
249,257,1
249,259,-1
249,261,1
249,266,1
249,273,-1
249,276,1
249,277,1
249,278,1
249,279,1
249,280,1
249,284,1
249,289,1
249,291,1
249,294,1
249,295,1
249,297,1
250,253,1
250,254,1
250,256,1
250,264,1
250,266,1
250,268,1
250,270,1
250,272,1
250,274,-1
250,275,1
250,277,1
250,278,1
250,281,1
250,283,1
250,284,-1
250,285,1
250,291,1
250,293,1
250,298,1
251,252,1
251,253,1
251,255,1
251,256,1
251,262,1
251,268,1
251,269,1
251,271,1
251,272,1
251,273,1
251,280,1
251,283,1
251,285,1
251,286,1
251,287,1
251,289,1
251,291,1
251,295,1
251,296,-1
252,253,1
252,254,1
252,255,1
252,257,1
252,258,1
252,259,1
252,260,1
252,261,1
252,262,1
252,263,1
252,267,1
252,270,1
252,278,1
252,280,1
252,281,1
252,283,1
252,286,1
252,287,1
252,289,1
252,291,1
252,292,1
252,295,1
252,296,1
252,297,1
252,298,1
253,254,1
253,255,1
253,256,1
253,257,1
253,258,1
253,262,1
253,264,1
253,266,1
253,267,1
253,268,1
253,272,1
253,274,1
253,277,1
253,278,1
253,280,1
253,284,1
253,285,1
253,286,1
253,295,1
253,298,1
254,256,1
254,257,1
254,258,1
254,260,1
254,264,1
254,267,1
254,268,1
254,269,1
254,271,1
254,272,1
254,276,1
254,277,1
254,279,1
254,285,1
254,286,1
254,287,1
254,288,1
254,290,1
255,257,1
255,259,1
255,261,1
255,266,-1
255,267,1
255,271,1
255,274,1
255,275,1
255,277,1
255,283,1
255,285,1
255,286,1
255,287,1
255,291,1
255,294,1
255,296,1
255,297,1
255,299,-1
256,257,1
256,259,1
256,265,1
256,268,1
256,271,-1
256,272,1
256,273,1
256,276,1
256,277,1
256,281,1
256,283,1
256,285,1
256,288,1
256,290,1
256,292,1
256,293,1
257,264,1
257,266,1
257,269,1
257,270,1
257,271,1
257,272,1
257,276,1
257,283,1
257,289,1
257,290,1
257,291,1
257,298,1
258,261,1
258,262,-1
258,264,1
258,265,1
258,272,1
258,273,1
258,274,1
258,276,1
258,278,1
258,284,1
258,293,1
258,294,1
258,299,1
259,260,1
259,268,1
259,272,1
259,279,1
259,281,1
259,282,1
259,285,1
259,289,1
259,290,-1
259,292,1
259,299,1
260,261,1
260,263,1
260,264,1
260,265,1
260,266,1
260,269,-1
260,270,1
260,271,1
260,274,1
260,277,1
260,278,1
260,281,-1
260,282,-1
260,283,1
260,284,1
260,287,1
260,288,1
260,289,1
260,291,1
260,295,1
261,262,1
261,263,1
261,264,1
261,267,1
261,268,1
261,269,1
261,270,1
261,274,1
261,277,-1
261,279,1
261,281,1
261,287,1
261,288,1
261,291,1
261,292,1
261,295,1
262,266,1
262,267,1
262,268,1
262,270,1
262,272,-1
262,273,1
262,274,1
262,275,1
262,277,1
262,281,1
262,288,1
262,291,1
262,295,1
262,297,1
262,299,1
263,267,1
263,273,1
263,276,1
263,280,1
263,282,1
263,284,1
263,285,1
263,287,1
263,290,1
263,292,1
263,294,1
264,267,-1
264,269,1
264,270,1
264,272,-1
264,273,-1
264,274,1
264,277,1
264,278,1
264,279,1
264,281,1
264,282,1
264,284,1
264,285,-1
264,288,1
264,290,1
264,291,1
264,292,1
264,293,1
264,295,-1
264,297,1
264,298,1
264,299,1
265,269,1
265,271,1
265,272,1
265,275,1
265,278,1
265,279,1
265,283,-1
265,287,-1
265,289,-1
265,291,1
265,292,1
265,297,1
266,267,1
266,268,1
266,269,1
266,270,1
266,271,1
266,272,1
266,278,1
266,279,-1
266,282,1
266,283,1
266,284,-1
266,289,1
266,290,1
266,291,1
266,292,-1
266,295,1
266,296,1
266,298,1
266,299,-1
267,268,1
267,269,1
267,272,1
267,274,1
267,281,1
267,283,1
267,284,1
267,286,1
267,292,1
267,294,1
268,274,1
268,275,1
268,277,1
268,278,1
268,279,-1
268,280,1
268,282,1
268,284,1
268,285,-1
268,289,1
268,293,1
268,297,1
268,299,1
269,270,1
269,271,1
269,275,1
269,277,1
269,282,1
269,289,1
269,290,1
269,294,1
269,298,1
270,271,1
270,273,1
270,277,1
270,278,1
270,281,1
270,285,1
270,288,1
270,289,1
270,290,1
270,292,1
270,296,1
270,298,1
271,274,1
271,276,1
271,278,1
271,281,-1
271,282,1
271,284,1
271,287,1
271,288,1
271,291,1
271,294,-1
271,295,1
271,296,1
271,297,1
272,275,1
272,276,1
272,281,1
272,283,1
272,284,1
272,287,1
272,291,1
272,293,1
272,294,1
272,295,1
272,297,1
273,277,1
273,278,1
273,281,1
273,282,-1
273,285,1
273,286,1
273,287,1
273,290,1
273,292,1
273,294,1
273,296,1
273,297,1
273,298,1
273,299,1
274,281,1
274,282,1
274,283,-1
274,285,1
274,289,1
274,292,1
274,296,1
275,278,1
275,279,1
275,280,1
275,282,1
275,284,-1
275,286,1
275,287,1
275,288,1
275,293,1
275,294,1
275,295,1
275,297,-1
275,299,1
276,277,1
276,280,1
276,281,1
276,282,1
276,283,1
276,287,1
276,289,1
276,290,1
276,291,1
276,293,1
276,294,1
276,298,1
277,278,1
277,279,1
277,282,-1
277,283,-1
277,284,-1
277,289,1
277,290,1
277,291,1
277,292,1
277,295,1
277,298,1
278,280,1
278,282,1
278,283,1
278,284,1
278,285,1
278,286,1
278,287,1
278,290,1
278,294,1
278,296,-1
278,297,1
278,298,1
278,299,1
279,283,1
279,287,1
279,289,1
279,293,1
279,297,1
280,286,1
280,289,1
280,290,-1
280,291,1
280,294,1
280,295,1
280,299,1
281,282,1
281,283,1
281,284,1
281,286,1
281,288,1
281,292,1
281,294,1
281,295,1
282,283,1
282,284,1
282,286,1
282,287,1
282,288,1
282,289,1
282,294,1
282,295,1
282,296,1
282,298,1
283,286,1
283,287,1
283,289,1
283,290,1
283,294,1
283,297,1
284,290,1
284,292,-1
284,297,-1
285,293,1
285,294,1
285,296,1
285,299,1
286,287,1
286,289,1
286,292,1
286,296,1
287,288,1
287,289,1
287,297,1
287,298,1
288,290,1
288,291,1
288,294,1
288,295,1
288,298,1
288,299,1
289,290,1
289,292,1
289,295,1
289,296,1
289,297,1
290,291,1
290,295,1
290,296,1
290,299,1
291,292,1
291,293,1
291,298,1
292,299,1
293,294,1
293,298,1
293,299,1
294,295,1
294,296,1
294,297,-1
294,298,1
295,296,1
295,299,1
296,299,1
297,299,1
